ordinal,season,week,pool_ceiling,pool_tail194,cap200|fp-off-sis-off-v1:admitted,cap200|fp-off-sis-off-v1:feasible,cap200|fp-off-sis-off-v1:ceiling,cap200|fp-off-sis-off-v1:ceil194,cap200|fp-off-sis-off-v1:k20_max,cap200|fp-off-sis-off-v1:k20_neg_best_pct,cap200|fp-off-sis-off-v1:k20_ge194,cap200|fp-off-sis-off-v1:k40_max,cap200|fp-off-sis-off-v1:k40_neg_best_pct,cap200|fp-off-sis-off-v1:k40_ge194,cap200|fp-off-sis-off-v1:k80_max,cap200|fp-off-sis-off-v1:k80_neg_best_pct,cap200|fp-off-sis-off-v1:k80_ge194,cap200|fp-on-sis-on-v1:admitted,cap200|fp-on-sis-on-v1:feasible,cap200|fp-on-sis-on-v1:ceiling,cap200|fp-on-sis-on-v1:ceil194,cap200|fp-on-sis-on-v1:k20_max,cap200|fp-on-sis-on-v1:k20_neg_best_pct,cap200|fp-on-sis-on-v1:k20_ge194,cap200|fp-on-sis-on-v1:k40_max,cap200|fp-on-sis-on-v1:k40_neg_best_pct,cap200|fp-on-sis-on-v1:k40_ge194,cap200|fp-on-sis-on-v1:k80_max,cap200|fp-on-sis-on-v1:k80_neg_best_pct,cap200|fp-on-sis-on-v1:k80_ge194,cap400|fp-off-sis-off-v1:admitted,cap400|fp-off-sis-off-v1:feasible,cap400|fp-off-sis-off-v1:ceiling,cap400|fp-off-sis-off-v1:ceil194,cap400|fp-off-sis-off-v1:k20_max,cap400|fp-off-sis-off-v1:k20_neg_best_pct,cap400|fp-off-sis-off-v1:k20_ge194,cap400|fp-off-sis-off-v1:k40_max,cap400|fp-off-sis-off-v1:k40_neg_best_pct,cap400|fp-off-sis-off-v1:k40_ge194,cap400|fp-off-sis-off-v1:k80_max,cap400|fp-off-sis-off-v1:k80_neg_best_pct,cap400|fp-off-sis-off-v1:k80_ge194,cap400|fp-on-sis-on-v1:admitted,cap400|fp-on-sis-on-v1:feasible,cap400|fp-on-sis-on-v1:ceiling,cap400|fp-on-sis-on-v1:ceil194,cap400|fp-on-sis-on-v1:k20_max,cap400|fp-on-sis-on-v1:k20_neg_best_pct,cap400|fp-on-sis-on-v1:k20_ge194,cap400|fp-on-sis-on-v1:k40_max,cap400|fp-on-sis-on-v1:k40_neg_best_pct,cap400|fp-on-sis-on-v1:k40_ge194,cap400|fp-on-sis-on-v1:k80_max,cap400|fp-on-sis-on-v1:k80_neg_best_pct,cap400|fp-on-sis-on-v1:k80_ge194,cap800|fp-off-sis-off-v1:admitted,cap800|fp-off-sis-off-v1:feasible,cap800|fp-off-sis-off-v1:ceiling,cap800|fp-off-sis-off-v1:ceil194,cap800|fp-off-sis-off-v1:k20_max,cap800|fp-off-sis-off-v1:k20_neg_best_pct,cap800|fp-off-sis-off-v1:k20_ge194,cap800|fp-off-sis-off-v1:k40_max,cap800|fp-off-sis-off-v1:k40_neg_best_pct,cap800|fp-off-sis-off-v1:k40_ge194,cap800|fp-off-sis-off-v1:k80_max,cap800|fp-off-sis-off-v1:k80_neg_best_pct,cap800|fp-off-sis-off-v1:k80_ge194,cap800|fp-on-sis-on-v1:admitted,cap800|fp-on-sis-on-v1:feasible,cap800|fp-on-sis-on-v1:ceiling,cap800|fp-on-sis-on-v1:ceil194,cap800|fp-on-sis-on-v1:k20_max,cap800|fp-on-sis-on-v1:k20_neg_best_pct,cap800|fp-on-sis-on-v1:k20_ge194,cap800|fp-on-sis-on-v1:k40_max,cap800|fp-on-sis-on-v1:k40_neg_best_pct,cap800|fp-on-sis-on-v1:k40_ge194,cap800|fp-on-sis-on-v1:k80_max,cap800|fp-on-sis-on-v1:k80_neg_best_pct,cap800|fp-on-sis-on-v1:k80_ge194,capall|fp-off-sis-off-v1:admitted,capall|fp-off-sis-off-v1:feasible,capall|fp-off-sis-off-v1:ceiling,capall|fp-off-sis-off-v1:ceil194,capall|fp-off-sis-off-v1:k20_max,capall|fp-off-sis-off-v1:k20_neg_best_pct,capall|fp-off-sis-off-v1:k20_ge194,capall|fp-off-sis-off-v1:k40_max,capall|fp-off-sis-off-v1:k40_neg_best_pct,capall|fp-off-sis-off-v1:k40_ge194,capall|fp-off-sis-off-v1:k80_max,capall|fp-off-sis-off-v1:k80_neg_best_pct,capall|fp-off-sis-off-v1:k80_ge194,capall|fp-on-sis-on-v1:admitted,capall|fp-on-sis-on-v1:feasible,capall|fp-on-sis-on-v1:ceiling,capall|fp-on-sis-on-v1:ceil194,capall|fp-on-sis-on-v1:k20_max,capall|fp-on-sis-on-v1:k20_neg_best_pct,capall|fp-on-sis-on-v1:k20_ge194,capall|fp-on-sis-on-v1:k40_max,capall|fp-on-sis-on-v1:k40_neg_best_pct,capall|fp-on-sis-on-v1:k40_ge194,capall|fp-on-sis-on-v1:k80_max,capall|fp-on-sis-on-v1:k80_neg_best_pct,capall|fp-on-sis-on-v1:k80_ge194,tail200|fp-on-sis-on-v1:admitted,tail200|fp-on-sis-on-v1:feasible,tail200|fp-on-sis-on-v1:ceiling,tail200|fp-on-sis-on-v1:ceil194,tail200|fp-on-sis-on-v1:k20_max,tail200|fp-on-sis-on-v1:k20_neg_best_pct,tail200|fp-on-sis-on-v1:k20_ge194,tail200|fp-on-sis-on-v1:k40_max,tail200|fp-on-sis-on-v1:k40_neg_best_pct,tail200|fp-on-sis-on-v1:k40_ge194,tail200|fp-on-sis-on-v1:k80_max,tail200|fp-on-sis-on-v1:k80_neg_best_pct,tail200|fp-on-sis-on-v1:k80_ge194
0,2023,1,187.3,3815,200,1,182.74,0,157.34,-0.050145,0,157.34,-0.050145,0,163.36,-0.02952,0,200,1,164.14,0,158.04,-0.04728,0,158.04,-0.04728,0,164.14,-0.027385,0,400,1,182.74,0,157.34,-0.050145,0,160.84,-0.03696,0,160.84,-0.03696,0,400,1,171.16,0,158.24,-0.046535,0,158.24,-0.046535,0,158.24,-0.046535,0,800,1,182.74,0,150.14,-0.08793,0,157.34,-0.050145,0,160.84,-0.03696,0,800,1,182.74,0,152.44,-0.07439,0,170.54,-0.01459,0,170.54,-0.01459,0,905,1,182.74,0,150.14,-0.08793,0,157.34,-0.050145,0,160.84,-0.03696,0,3804,1,187.3,0,152.44,-0.07439,0,152.44,-0.07439,0,170.54,-0.01459,0,200,1,170.54,0,152.44,-0.07439,0,152.44,-0.07439,0,170.54,-0.01459,0
1,2023,2,197.24,3835,200,1,180.72,0,172.78,-0.01724,0,180.72,-0.006965,0,180.72,-0.006965,0,200,1,180.72,0,156.92,-0.07654,0,173.74,-0.015515,0,180.72,-0.006965,0,400,1,182.88,0,157.72,-0.071905,0,172.78,-0.01724,0,172.78,-0.01724,0,400,1,182.88,0,176.12,-0.012075,0,180.72,-0.006965,0,180.72,-0.006965,0,800,1,182.88,0,176.12,-0.012075,0,176.12,-0.012075,0,176.12,-0.012075,0,800,1,197.24,1,160.72,-0.05551,0,176.12,-0.012075,0,197.24,-0.000575,1,1139,1,182.88,0,157.1,-0.07557,0,176.12,-0.012075,0,176.12,-0.012075,0,3718,1,197.24,1,153.58,-0.099565,0,153.58,-0.099565,0,176.12,-0.012075,0,200,1,160.72,0,153.58,-0.099565,0,153.58,-0.099565,0,157.1,-0.07557,0
2,2023,3,242.36,3648,200,1,225.18,1,208.66,-0.013325,1,208.66,-0.013325,1,208.66,-0.013325,1,200,1,206.56,1,206.56,-0.015665,1,206.56,-0.015665,1,206.56,-0.015665,1,400,1,225.18,1,208.66,-0.013325,1,208.66,-0.013325,1,224.26,-0.00362,1,400,1,208.46,1,206.56,-0.015665,1,206.56,-0.015665,1,206.56,-0.015665,1,800,1,225.18,1,208.66,-0.013325,1,208.66,-0.013325,1,214.96,-0.008055,1,800,1,226.84,1,226.84,-0.002855,1,226.84,-0.002855,1,226.84,-0.002855,1,894,1,225.18,1,208.66,-0.013325,1,208.66,-0.013325,1,214.96,-0.008055,1,3399,1,242.36,1,226.84,-0.002855,1,226.84,-0.002855,1,242.36,-0.000515,1,200,1,242.36,1,226.84,-0.002855,1,226.84,-0.002855,1,242.36,-0.000515,1
3,2023,4,241.1,3575,200,1,200.86,1,184.62,-0.02987,0,199.48,-0.00869,1,199.48,-0.00869,1,200,1,202.3,1,202.3,-0.00664,1,202.3,-0.00664,1,202.3,-0.00664,1,400,1,200.86,1,196.7,-0.011065,1,196.7,-0.011065,1,196.7,-0.011065,1,400,1,218.7,1,184.22,-0.030785,0,218.7,-0.00122,1,218.7,-0.00122,1,767,1,200.86,1,196.7,-0.011065,1,196.7,-0.011065,1,196.7,-0.011065,1,800,1,218.7,1,218.7,-0.00122,1,218.7,-0.00122,1,218.7,-0.00122,1,767,1,200.86,1,196.7,-0.011065,1,196.7,-0.011065,1,196.7,-0.011065,1,3327,1,241.1,1,155.56,-0.17379,0,218.7,-0.00122,1,218.7,-0.00122,1,200,1,241.1,1,196.7,-0.011065,1,218.7,-0.00122,1,241.1,-7e-05,1
4,2023,5,204.24,3593,200,1,201.88,1,175.88,-0.14313,0,175.88,-0.14313,0,201.88,-0.02424,1,200,1,179.58,0,174.06,-0.15737,0,174.06,-0.15737,0,174.06,-0.15737,0,400,1,201.88,1,171.08,-0.18355,0,175.88,-0.14313,0,185.84,-0.079425,0,400,1,190.98,0,159.98,-0.30315,0,174.06,-0.15737,0,179.48,-0.117655,0,800,1,201.88,1,171.08,-0.18355,0,175.88,-0.14313,0,175.88,-0.14313,0,800,1,201.86,1,159.98,-0.30315,0,168.38,-0.209525,0,170.04,-0.192895,0,1090,1,204.24,1,171.08,-0.18355,0,171.08,-0.18355,0,175.88,-0.14313,0,3586,1,204.24,1,159.98,-0.30315,0,159.98,-0.30315,0,160.36,-0.298195,0,200,1,179.58,0,159.98,-0.30315,0,159.98,-0.30315,0,166.98,-0.22385,0
5,2023,6,177.58,3593,200,1,177.58,0,150.98,-0.160035,0,177.58,-0.0118,0,177.58,-0.0118,0,200,1,176.48,0,154.88,-0.12026,0,176.48,-0.01357,0,176.48,-0.01357,0,400,1,177.58,0,160.08,-0.078355,0,160.08,-0.078355,0,177.58,-0.0118,0,400,1,177.58,0,154.88,-0.12026,0,154.88,-0.12026,0,177.58,-0.0118,0,741,1,177.58,0,142.58,-0.27129,0,142.58,-0.27129,0,151.28,-0.15641,0,800,1,177.58,0,142.58,-0.27129,0,154.88,-0.12026,0,162.58,-0.062515,0,741,1,177.58,0,142.58,-0.27129,0,142.58,-0.27129,0,151.28,-0.15641,0,3415,1,177.58,0,165.38,-0.04768,0,165.38,-0.04768,0,165.38,-0.04768,0,200,1,177.58,0,165.38,-0.04768,0,165.38,-0.04768,0,165.38,-0.04768,0
6,2023,7,206.66,3650,200,1,182.96,0,182.96,-0.003785,0,182.96,-0.003785,0,182.96,-0.003785,0,200,1,183.86,0,153.26,-0.075005,0,183.86,-0.0034,0,183.86,-0.0034,0,400,1,183.88,0,165.96,-0.02558,0,182.96,-0.003785,0,183.88,-0.003395,0,400,1,183.86,0,153.16,-0.075575,0,183.86,-0.0034,0,183.86,-0.0034,0,798,1,189.46,0,152.16,-0.081125,0,156.66,-0.057655,0,182.96,-0.003785,0,800,1,183.88,0,150.66,-0.09038,0,183.86,-0.0034,0,183.88,-0.003395,0,798,1,189.46,0,152.16,-0.081125,0,156.66,-0.057655,0,182.96,-0.003785,0,3257,1,206.66,1,167.46,-0.021825,0,167.46,-0.021825,0,177.18,-0.00789,0,200,1,183.86,0,179.5,-0.0058,0,179.5,-0.0058,0,179.5,-0.0058,0
7,2023,8,220.86,3678,200,1,183.16,0,148.88,-0.27413,0,183.16,-0.025255,0,183.16,-0.025255,0,200,1,177.56,0,163.4,-0.12119,0,163.4,-0.12119,0,163.4,-0.12119,0,400,1,183.16,0,148.88,-0.27413,0,150.6,-0.25219,0,183.16,-0.025255,0,400,1,177.56,0,163.4,-0.12119,0,163.4,-0.12119,0,172.88,-0.06167,0,800,1,207.7,1,178.28,-0.03918,0,178.28,-0.03918,0,182.9,-0.02591,0,800,1,220.86,1,154.2,-0.209555,0,154.2,-0.209555,0,170.96,-0.071515,0,1008,1,207.7,1,178.28,-0.03918,0,178.28,-0.03918,0,178.28,-0.03918,0,3565,1,220.86,1,164.36,-0.11359,0,174.02,-0.05628,0,186.52,-0.01851,0,200,1,187.36,0,164.36,-0.11359,0,178.28,-0.03918,0,186.52,-0.01851,0
8,2023,9,229.6,3723,200,1,206.3,1,204.5,-0.000595,1,206.3,-0.00046,1,206.3,-0.00046,1,200,1,206.3,1,186.0,-0.005245,0,206.3,-0.00046,1,206.3,-0.00046,1,400,1,206.3,1,176.0,-0.014325,0,204.5,-0.000595,1,206.3,-0.00046,1,400,1,229.6,1,169.16,-0.026865,0,191.4,-0.002865,0,206.3,-0.00046,1,800,1,206.3,1,176.0,-0.014325,0,176.0,-0.014325,0,204.5,-0.000595,1,800,1,229.6,1,176.0,-0.014325,0,176.0,-0.014325,0,221.3,-6e-05,1,851,1,206.3,1,176.0,-0.014325,0,176.0,-0.014325,0,204.5,-0.000595,1,3210,1,229.6,1,176.9,-0.013035,0,176.9,-0.013035,0,176.9,-0.013035,0,200,1,186.0,0,176.9,-0.013035,0,176.9,-0.013035,0,186.0,-0.005245,0
9,2023,10,216.06,3575,200,1,206.66,1,192.56,-0.01519,0,206.66,-0.003795,1,206.66,-0.003795,1,200,1,188.06,0,179.06,-0.04782,0,181.74,-0.038855,0,182.26,-0.037295,0,400,1,206.66,1,192.56,-0.01519,0,206.66,-0.003795,1,206.66,-0.003795,1,400,1,209.44,1,209.44,-0.002745,1,209.44,-0.002745,1,209.44,-0.002745,1,706,1,206.66,1,192.56,-0.01519,0,206.66,-0.003795,1,206.66,-0.003795,1,800,1,209.44,1,206.66,-0.003795,1,206.66,-0.003795,1,206.72,-0.003775,1,706,1,206.66,1,192.56,-0.01519,0,206.66,-0.003795,1,206.66,-0.003795,1,2833,1,216.06,1,216.06,-0.00132,1,216.06,-0.00132,1,216.06,-0.00132,1,200,1,216.06,1,216.06,-0.00132,1,216.06,-0.00132,1,216.06,-0.00132,1
10,2023,11,191.16,3556,200,1,170.48,0,155.64,-0.077525,0,155.64,-0.077525,0,155.64,-0.077525,0,200,1,182.94,0,158.14,-0.061545,0,165.54,-0.029205,0,165.54,-0.029205,0,400,1,177.16,0,151.22,-0.112645,0,155.64,-0.077525,0,161.92,-0.042645,0,400,1,182.94,0,151.98,-0.105885,0,158.14,-0.061545,0,165.54,-0.029205,0,800,1,177.16,0,147.82,-0.1472,0,151.22,-0.112645,0,159.22,-0.055425,0,800,1,184.22,0,151.44,-0.11059,0,158.14,-0.061545,0,158.14,-0.061545,0,855,1,177.16,0,147.82,-0.1472,0,155.64,-0.077525,0,159.22,-0.055425,0,3051,1,184.22,0,151.44,-0.11059,0,151.44,-0.11059,0,157.48,-0.065505,0,200,1,169.38,0,151.44,-0.11059,0,158.14,-0.061545,0,158.14,-0.061545,0
11,2023,12,191.36,3693,200,1,170.06,0,146.26,-0.306475,0,153.86,-0.1954,0,170.06,-0.05409,0,200,1,170.06,0,160.76,-0.119465,0,160.76,-0.119465,0,170.06,-0.05409,0,400,1,177.96,0,160.76,-0.119465,0,165.76,-0.079785,0,165.76,-0.079785,0,400,1,179.86,0,169.86,-0.055125,0,169.86,-0.055125,0,169.86,-0.055125,0,800,1,191.36,0,169.86,-0.055125,0,169.86,-0.055125,0,169.86,-0.055125,0,800,1,179.86,0,155.56,-0.17432,0,155.56,-0.17432,0,169.86,-0.055125,0,997,1,191.36,0,169.86,-0.055125,0,169.86,-0.055125,0,169.86,-0.055125,0,3450,1,191.36,0,146.26,-0.306475,0,155.86,-0.170795,0,155.86,-0.170795,0,200,1,179.86,0,145.66,-0.316825,0,145.66,-0.316825,0,169.86,-0.055125,0
12,2023,13,198.16,3654,200,1,186.38,0,164.96,-0.053175,0,164.96,-0.053175,0,186.38,-0.00604,0,200,1,159.76,0,159.76,-0.079875,0,159.76,-0.079875,0,159.76,-0.079875,0,400,1,186.38,0,163.96,-0.057655,0,163.96,-0.057655,0,186.38,-0.00604,0,400,1,186.38,0,159.76,-0.079875,0,164.96,-0.053175,0,164.96,-0.053175,0,800,1,186.38,0,162.86,-0.06277,0,163.96,-0.057655,0,163.96,-0.057655,0,800,1,186.38,0,162.86,-0.06277,0,163.96,-0.057655,0,163.96,-0.057655,0,913,1,186.38,0,162.86,-0.06277,0,163.96,-0.057655,0,171.36,-0.03033,0,3159,1,198.16,1,159.76,-0.079875,0,163.76,-0.05856,0,179.38,-0.01392,0,200,1,177.28,0,167.86,-0.04148,0,167.86,-0.04148,0,167.86,-0.04148,0
13,2023,14,199.88,3533,200,1,193.78,0,184.88,-0.01223,0,193.78,-0.0042,0,193.78,-0.0042,0,200,1,192.14,0,184.68,-0.01248,0,184.68,-0.01248,0,184.68,-0.01248,0,400,1,193.78,0,184.68,-0.01248,0,184.88,-0.01223,0,193.78,-0.0042,0,400,1,195.78,1,184.68,-0.01248,0,184.68,-0.01248,0,184.68,-0.01248,0,800,1,195.78,1,184.68,-0.01248,0,184.88,-0.01223,0,193.78,-0.0042,0,800,1,195.78,1,184.68,-0.01248,0,184.68,-0.01248,0,193.78,-0.0042,0,848,1,195.78,1,184.68,-0.01248,0,184.88,-0.01223,0,193.78,-0.0042,0,3371,1,199.88,1,184.68,-0.01248,0,184.68,-0.01248,0,184.88,-0.01223,0,200,1,193.78,0,184.68,-0.01248,0,184.68,-0.01248,0,193.78,-0.0042,0
14,2023,15,209.66,3536,200,1,180.22,0,166.06,-0.07552,0,166.06,-0.07552,0,180.22,-0.02125,0,200,1,175.36,0,158.26,-0.13165,0,158.26,-0.13165,0,168.52,-0.06205,0,400,1,183.94,0,166.06,-0.07552,0,166.06,-0.07552,0,166.06,-0.07552,0,400,1,185.12,0,166.06,-0.07552,0,166.06,-0.07552,0,168.52,-0.06205,0,800,1,183.94,0,166.06,-0.07552,0,166.06,-0.07552,0,166.06,-0.07552,0,800,1,194.56,1,162.48,-0.098455,0,166.06,-0.07552,0,166.06,-0.07552,0,907,1,183.94,0,166.06,-0.07552,0,166.06,-0.07552,0,166.06,-0.07552,0,3247,1,209.66,1,155.04,-0.161725,0,166.06,-0.07552,0,166.06,-0.07552,0,200,1,179.48,0,155.04,-0.161725,0,166.06,-0.07552,0,166.06,-0.07552,0
15,2023,16,202.72,3660,200,1,202.72,1,154.98,-0.176275,0,202.72,-0.007095,1,202.72,-0.007095,1,200,1,202.44,1,187.14,-0.023755,0,187.14,-0.023755,0,187.14,-0.023755,0,400,1,202.72,1,178.22,-0.04443,0,178.22,-0.04443,0,202.72,-0.007095,1,400,1,202.44,1,160.92,-0.129715,0,187.14,-0.023755,0,187.14,-0.023755,0,800,1,202.72,1,178.22,-0.04443,0,178.22,-0.04443,0,185.02,-0.027695,0,800,1,202.44,1,178.22,-0.04443,0,178.22,-0.04443,0,187.14,-0.023755,0,858,1,202.72,1,178.22,-0.04443,0,178.22,-0.04443,0,185.02,-0.027695,0,2996,1,202.72,1,178.22,-0.04443,0,178.22,-0.04443,0,187.14,-0.023755,0,200,1,188.12,0,178.22,-0.04443,0,178.22,-0.04443,0,188.12,-0.022055,0
16,2023,17,213.74,3609,200,1,166.38,0,158.78,-0.028855,0,158.78,-0.028855,0,158.78,-0.028855,0,200,1,181.68,0,138.6,-0.142985,0,181.68,-0.002325,0,181.68,-0.002325,0,400,1,166.38,0,146.48,-0.080495,0,158.78,-0.028855,0,158.78,-0.028855,0,400,1,181.68,0,164.58,-0.016415,0,164.58,-0.016415,0,164.58,-0.016415,0,800,1,178.18,0,142.26,-0.11096,0,146.18,-0.082425,0,158.78,-0.028855,0,800,1,181.68,0,164.58,-0.016415,0,164.58,-0.016415,0,164.58,-0.016415,0,1000,1,185.54,0,185.54,-0.00136,0,185.54,-0.00136,0,185.54,-0.00136,0,3283,1,213.74,1,164.58,-0.016415,0,164.58,-0.016415,0,190.84,-0.000645,0,200,1,185.54,0,164.58,-0.016415,0,164.58,-0.016415,0,164.58,-0.016415,0
17,2023,18,184.12,3557,200,1,181.86,0,181.86,-0.01341,0,181.86,-0.01341,0,181.86,-0.01341,0,200,1,181.86,0,181.86,-0.01341,0,181.86,-0.01341,0,181.86,-0.01341,0,400,1,181.86,0,181.86,-0.01341,0,181.86,-0.01341,0,181.86,-0.01341,0,400,1,181.86,0,155.16,-0.165795,0,181.86,-0.01341,0,181.86,-0.01341,0,800,1,181.86,0,181.86,-0.01341,0,181.86,-0.01341,0,181.86,-0.01341,0,800,1,181.86,0,161.12,-0.108245,0,161.12,-0.108245,0,181.86,-0.01341,0,831,1,181.86,0,181.86,-0.01341,0,181.86,-0.01341,0,181.86,-0.01341,0,2750,1,181.86,0,146.08,-0.28365,0,171.04,-0.045125,0,181.86,-0.01341,0,200,1,181.86,0,152.64,-0.19547,0,171.04,-0.045125,0,171.04,-0.045125,0
18,2024,1,170.66,3674,200,1,158.56,0,158.56,-0.006275,0,158.56,-0.006275,0,158.56,-0.006275,0,200,1,166.76,0,159.36,-0.005665,0,159.36,-0.005665,0,166.76,-0.00173,0,400,1,158.56,0,143.46,-0.04369,0,158.56,-0.006275,0,158.56,-0.006275,0,400,1,166.76,0,159.36,-0.005665,0,159.36,-0.005665,0,166.76,-0.00173,0,800,1,158.56,0,143.46,-0.04369,0,158.56,-0.006275,0,158.56,-0.006275,0,800,1,166.76,0,151.46,-0.01683,0,159.36,-0.005665,0,159.36,-0.005665,0,1010,1,158.56,0,143.46,-0.04369,0,158.56,-0.006275,0,158.56,-0.006275,0,3667,1,170.66,0,138.36,-0.07361,0,151.46,-0.01683,0,170.66,-0.00088,0,200,1,170.66,0,138.36,-0.07361,0,151.46,-0.01683,0,170.66,-0.00088,0
19,2024,2,208.08,3715,200,1,203.76,1,162.44,-0.03397,0,162.44,-0.03397,0,187.54,-0.00179,0,200,1,207.18,1,175.14,-0.008555,0,175.14,-0.008555,0,207.18,-6.5e-05,1,400,1,203.76,1,162.44,-0.03397,0,162.44,-0.03397,0,179.06,-0.005455,0,400,1,207.18,1,175.14,-0.008555,0,175.14,-0.008555,0,175.14,-0.008555,0,800,1,203.76,1,157.62,-0.05321,0,174.18,-0.00954,0,174.62,-0.00912,0,800,1,207.18,1,175.14,-0.008555,0,175.14,-0.008555,0,175.14,-0.008555,0,1164,1,203.76,1,157.62,-0.05321,0,157.62,-0.05321,0,169.12,-0.01699,0,3713,1,208.08,1,175.14,-0.008555,0,175.14,-0.008555,0,182.02,-0.003805,0,200,1,181.18,0,175.14,-0.008555,0,175.14,-0.008555,0,175.14,-0.008555,0
20,2024,3,207.88,3780,200,1,202.88,1,148.38,-0.09711,0,163.98,-0.036815,0,163.98,-0.036815,0,200,1,164.32,0,164.32,-0.036075,0,164.32,-0.036075,0,164.32,-0.036075,0,400,1,202.88,1,167.12,-0.0296,0,167.12,-0.0296,0,178.78,-0.0116,0,400,1,188.18,0,164.32,-0.036075,0,167.94,-0.027895,0,167.94,-0.027895,0,800,1,202.88,1,128.06,-0.25448,0,154.78,-0.067235,0,167.12,-0.0296,0,800,1,189.18,0,164.32,-0.036075,0,167.94,-0.027895,0,178.78,-0.0116,0,1207,1,203.06,1,160.54,-0.04672,0,160.54,-0.04672,0,167.12,-0.0296,0,3457,1,207.88,1,156.04,-0.062495,0,164.32,-0.036075,0,167.94,-0.027895,0,200,1,178.78,0,156.04,-0.062495,0,164.32,-0.036075,0,178.78,-0.0116,0
21,2024,4,190.18,3648,200,1,158.42,0,158.22,-0.094105,0,158.22,-0.094105,0,158.42,-0.09265,0,200,1,162.12,0,144.56,-0.234355,0,158.42,-0.09265,0,158.42,-0.09265,0,400,1,170.06,0,158.22,-0.094105,0,164.1,-0.057445,0,170.06,-0.03241,0,400,1,170.46,0,158.22,-0.094105,0,158.22,-0.094105,0,165.7,-0.049885,0,800,1,174.86,0,158.22,-0.094105,0,158.22,-0.094105,0,164.1,-0.057445,0,800,1,174.66,0,153.42,-0.134125,0,158.22,-0.094105,0,158.22,-0.094105,0,858,1,174.86,0,158.22,-0.094105,0,158.22,-0.094105,0,164.1,-0.057445,0,3242,1,184.06,0,162.76,-0.06457,0,162.76,-0.06457,0,162.76,-0.06457,0,200,1,168.58,0,168.58,-0.037535,0,168.58,-0.037535,0,168.58,-0.037535,0
22,2024,5,223.58,3767,200,1,198.02,1,185.74,-0.013775,0,185.74,-0.013775,0,185.74,-0.013775,0,200,1,181.42,0,181.42,-0.020535,0,181.42,-0.020535,0,181.42,-0.020535,0,400,1,198.02,1,167.46,-0.06448,0,167.46,-0.06448,0,185.74,-0.013775,0,400,1,181.82,0,157.02,-0.13198,0,181.42,-0.020535,0,181.42,-0.020535,0,800,1,217.18,1,190.98,-0.008025,0,190.98,-0.008025,0,190.98,-0.008025,0,800,1,185.74,0,157.02,-0.13198,0,181.42,-0.020535,0,185.74,-0.013775,0,889,1,217.18,1,173.78,-0.039495,0,173.78,-0.039495,0,190.98,-0.008025,0,3259,1,223.58,1,189.78,-0.009045,0,189.78,-0.009045,0,190.98,-0.008025,0,200,1,189.78,0,189.78,-0.009045,0,189.78,-0.009045,0,189.78,-0.009045,0
23,2024,6,180.7,3666,200,1,163.1,0,145.24,-0.105745,0,145.3,-0.105345,0,163.1,-0.017135,0,200,1,173.5,0,153.34,-0.05038,0,172.52,-0.005145,0,172.52,-0.005145,0,400,1,173.42,0,152.9,-0.052625,0,160.0,-0.02459,0,160.0,-0.02459,0,400,1,173.5,0,147.32,-0.088405,0,153.34,-0.05038,0,172.52,-0.005145,0,800,1,180.7,0,154.6,-0.04425,0,154.6,-0.04425,0,157.9,-0.03135,0,800,1,173.5,0,144.22,-0.1153,0,152.02,-0.057205,0,165.02,-0.01346,0,901,1,180.7,0,154.6,-0.04425,0,154.6,-0.04425,0,172.6,-0.005095,0,3229,1,180.7,0,154.6,-0.04425,0,154.6,-0.04425,0,165.02,-0.01346,0,200,1,180.7,0,154.6,-0.04425,0,154.6,-0.04425,0,163.3,-0.0168,0
24,2024,7,160.46,3560,200,1,143.48,0,143.48,-0.012205,0,143.48,-0.012205,0,143.48,-0.012205,0,200,1,149.68,0,143.48,-0.012205,0,143.48,-0.012205,0,143.48,-0.012205,0,400,1,160.46,0,143.48,-0.012205,0,143.48,-0.012205,0,143.48,-0.012205,0,400,1,152.28,0,143.48,-0.012205,0,143.48,-0.012205,0,143.48,-0.012205,0,701,1,160.46,0,143.48,-0.012205,0,146.56,-0.007925,0,146.56,-0.007925,0,800,1,152.28,0,131.48,-0.0519,0,146.56,-0.007925,0,148.48,-0.005835,0,701,1,160.46,0,143.48,-0.012205,0,146.56,-0.007925,0,146.56,-0.007925,0,3339,1,160.46,0,131.48,-0.0519,0,131.48,-0.0519,0,148.48,-0.005835,0,200,1,148.48,0,131.48,-0.0519,0,131.48,-0.0519,0,148.48,-0.005835,0
25,2024,8,194.5,3633,200,1,178.18,0,169.18,-0.03316,0,170.3,-0.029435,0,170.3,-0.029435,0,200,1,175.84,0,169.2,-0.03312,0,169.2,-0.03312,0,169.2,-0.03312,0,400,1,185.88,0,163.94,-0.053985,0,163.94,-0.053985,0,170.3,-0.029435,0,400,1,175.84,0,169.2,-0.03312,0,169.2,-0.03312,0,169.2,-0.03312,0,791,1,185.88,0,162.56,-0.06111,0,162.56,-0.06111,0,169.66,-0.03159,0,800,1,194.5,1,154.36,-0.116865,0,169.2,-0.03312,0,169.2,-0.03312,0,791,1,185.88,0,162.56,-0.06111,0,162.56,-0.06111,0,169.66,-0.03159,0,3125,1,194.5,1,163.34,-0.05705,0,169.2,-0.03312,0,169.2,-0.03312,0,200,1,171.68,0,163.34,-0.05705,0,163.34,-0.05705,0,169.2,-0.03312,0
26,2024,9,209.76,3593,200,1,182.5,0,167.92,-0.090695,0,175.12,-0.05353,0,175.12,-0.05353,0,200,1,170.16,0,149.5,-0.26685,0,159.48,-0.155695,0,159.48,-0.155695,0,400,1,190.46,0,167.92,-0.090695,0,167.92,-0.090695,0,175.12,-0.05353,0,400,1,176.84,0,146.46,-0.307695,0,146.46,-0.307695,0,168.3,-0.08837,0,791,1,190.46,0,167.92,-0.090695,0,167.92,-0.090695,0,167.92,-0.090695,0,800,1,187.96,0,130.32,-0.56151,0,158.02,-0.16945,0,168.3,-0.08837,0,791,1,190.46,0,167.92,-0.090695,0,167.92,-0.090695,0,167.92,-0.090695,0,3242,1,209.76,1,159.18,-0.158515,0,159.18,-0.158515,0,164.92,-0.111405,0,200,1,167.92,0,159.18,-0.158515,0,159.18,-0.158515,0,167.92,-0.090695,0
27,2024,10,167.92,3519,200,1,155.06,0,144.86,-0.01331,0,144.86,-0.01331,0,155.06,-0.002695,0,200,1,156.42,0,156.42,-0.002085,0,156.42,-0.002085,0,156.42,-0.002085,0,400,1,155.06,0,125.12,-0.125865,0,140.8,-0.022615,0,144.86,-0.01331,0,400,1,156.42,0,147.02,-0.00992,0,156.42,-0.002085,0,156.42,-0.002085,0,749,1,155.06,0,125.12,-0.125865,0,136.84,-0.037685,0,144.86,-0.01331,0,800,1,160.12,0,147.02,-0.00992,0,147.02,-0.00992,0,160.12,-0.001025,0,749,1,155.06,0,125.12,-0.125865,0,136.84,-0.037685,0,144.86,-0.01331,0,3028,1,167.92,0,147.02,-0.00992,0,147.02,-0.00992,0,167.92,-0.00019,0,200,1,167.92,0,147.02,-0.00992,0,147.02,-0.00992,0,167.92,-0.00019,0
28,2024,11,217.94,3506,200,1,193.28,0,179.88,-0.011205,0,193.28,-0.00301,0,193.28,-0.00301,0,200,1,215.08,1,215.08,-0.000195,1,215.08,-0.000195,1,215.08,-0.000195,1,400,1,194.82,1,175.68,-0.016305,0,193.28,-0.00301,0,193.28,-0.00301,0,400,1,215.08,1,215.08,-0.000195,1,215.08,-0.000195,1,215.08,-0.000195,1,705,1,194.82,1,175.68,-0.016305,0,193.28,-0.00301,0,193.28,-0.00301,0,800,1,215.08,1,192.78,-0.00319,0,215.08,-0.000195,1,215.08,-0.000195,1,705,1,194.82,1,175.68,-0.016305,0,193.28,-0.00301,0,193.28,-0.00301,0,2998,1,217.94,1,192.78,-0.00319,0,192.78,-0.00319,0,215.08,-0.000195,1,200,1,215.08,1,192.78,-0.00319,0,193.52,-0.002925,0,215.08,-0.000195,1
29,2024,12,210.4,3736,200,1,183.48,0,160.7,-0.050245,0,160.7,-0.050245,0,167.16,-0.027855,0,200,1,176.5,0,169.1,-0.0232,0,169.1,-0.0232,0,169.1,-0.0232,0,400,1,209.6,1,174.4,-0.013395,0,191.6,-0.00164,0,191.6,-0.00164,0,400,1,176.5,0,169.1,-0.0232,0,169.1,-0.0232,0,169.1,-0.0232,0,800,1,209.6,1,169.1,-0.0232,0,174.4,-0.013395,0,191.6,-0.00164,0,800,1,194.9,1,191.6,-0.00164,0,191.6,-0.00164,0,191.6,-0.00164,0,934,1,209.6,1,169.1,-0.0232,0,174.4,-0.013395,0,191.6,-0.00164,0,3086,1,210.4,1,178.58,-0.00865,0,178.58,-0.00865,0,178.58,-0.00865,0,200,1,192.48,0,178.58,-0.00865,0,178.58,-0.00865,0,178.58,-0.00865,0
30,2024,13,189.56,3600,200,1,176.1,0,149.3,-0.125715,0,156.5,-0.064795,0,157.44,-0.058925,0,200,1,163.74,0,133.28,-0.368085,0,141.78,-0.22281,0,163.74,-0.02926,0,400,1,182.76,0,149.3,-0.125715,0,156.5,-0.064795,0,156.5,-0.064795,0,400,1,163.74,0,131.76,-0.39721,0,149.24,-0.126455,0,149.24,-0.126455,0,800,1,182.76,0,149.3,-0.125715,0,151.56,-0.103765,0,156.5,-0.064795,0,800,1,182.76,0,149.3,-0.125715,0,150.24,-0.116315,0,150.24,-0.116315,0,826,1,182.76,0,149.3,-0.125715,0,151.56,-0.103765,0,156.5,-0.064795,0,3037,1,189.56,0,150.26,-0.116035,0,150.26,-0.116035,0,151.56,-0.103765,0,200,1,166.56,0,150.26,-0.116035,0,150.26,-0.116035,0,156.5,-0.064795,0
31,2024,14,226.48,3490,200,1,192.98,0,168.18,-0.252615,0,168.18,-0.252615,0,176.78,-0.17662,0,200,1,200.38,1,178.88,-0.160585,0,200.38,-0.04838,1,200.38,-0.04838,1,400,1,192.98,0,184.58,-0.12177,0,184.58,-0.12177,0,184.58,-0.12177,0,400,1,221.58,1,178.88,-0.160585,0,217.98,-0.01274,1,217.98,-0.01274,1,730,1,217.98,1,184.58,-0.12177,0,217.98,-0.01274,1,217.98,-0.01274,1,800,1,221.58,1,191.08,-0.085305,0,193.7,-0.073325,0,217.98,-0.01274,1,730,1,217.98,1,184.58,-0.12177,0,217.98,-0.01274,1,217.98,-0.01274,1,3065,1,226.48,1,176.64,-0.17797,0,226.48,-0.00597,1,226.48,-0.00597,1,200,1,226.48,1,176.64,-0.17797,0,226.48,-0.00597,1,226.48,-0.00597,1
32,2024,15,225.66,3584,200,1,176.26,0,170.46,-0.04767,0,170.46,-0.04767,0,176.26,-0.031565,0,200,1,187.66,0,170.46,-0.04767,0,170.46,-0.04767,0,187.66,-0.01288,0,400,1,187.2,0,154.76,-0.123125,0,168.36,-0.05482,0,170.46,-0.04767,0,400,1,201.56,1,191.26,-0.0095,0,191.26,-0.0095,0,191.26,-0.0095,0,800,1,188.6,0,163.16,-0.07591,0,163.16,-0.07591,0,179.76,-0.024065,0,800,1,208.86,1,208.86,-0.00173,1,208.86,-0.00173,1,208.86,-0.00173,1,825,1,188.6,0,163.16,-0.07591,0,163.16,-0.07591,0,179.76,-0.024065,0,3201,1,225.66,1,169.06,-0.052535,0,181.06,-0.021905,0,201.66,-0.003685,1,200,1,209.98,1,164.06,-0.07178,0,178.96,-0.025655,0,182.66,-0.019385,0
33,2024,16,223.08,3552,200,1,193.76,0,189.46,-0.01533,0,189.46,-0.01533,0,193.76,-0.009175,0,200,1,223.08,1,189.14,-0.01581,0,223.08,-0.000115,1,223.08,-0.000115,1,400,1,223.08,1,189.46,-0.01533,0,191.74,-0.011775,0,191.74,-0.011775,0,400,1,223.08,1,187.08,-0.01934,0,189.14,-0.01581,0,191.74,-0.011775,0,673,1,223.08,1,189.46,-0.01533,0,194.92,-0.007935,1,194.92,-0.007935,1,800,1,223.08,1,189.46,-0.01533,0,189.46,-0.01533,0,189.46,-0.01533,0,673,1,223.08,1,189.46,-0.01533,0,194.92,-0.007935,1,194.92,-0.007935,1,2970,1,223.08,1,181.04,-0.03513,0,181.04,-0.03513,0,189.46,-0.01533,0,200,1,189.46,0,181.04,-0.03513,0,188.82,-0.016335,0,189.46,-0.01533,0
34,2024,17,212.86,3604,200,1,198.16,1,160.82,-0.218845,0,161.26,-0.21313,0,198.16,-0.008035,1,200,1,197.86,1,159.92,-0.23036,0,182.86,-0.04209,0,197.86,-0.00829,1,400,1,201.36,1,176.96,-0.071275,0,201.36,-0.00541,1,201.36,-0.00541,1,400,1,197.86,1,163.4,-0.1881,0,163.4,-0.1881,0,178.76,-0.06082,0,771,1,212.86,1,187.96,-0.02601,0,187.96,-0.02601,0,201.36,-0.00541,1,800,1,200.76,1,194.46,-0.012655,1,199.76,-0.006535,1,199.76,-0.006535,1,771,1,212.86,1,187.96,-0.02601,0,187.96,-0.02601,0,201.36,-0.00541,1,2379,1,212.86,1,185.66,-0.032555,0,187.96,-0.02601,0,194.46,-0.012655,1,200,1,200.76,1,185.66,-0.032555,0,185.66,-0.032555,0,194.46,-0.012655,1
35,2024,18,205.64,3689,200,1,178.58,0,178.58,-0.03704,0,178.58,-0.03704,0,178.58,-0.03704,0,200,1,191.04,0,191.04,-0.01019,0,191.04,-0.01019,0,191.04,-0.01019,0,400,1,188.48,0,177.18,-0.04219,0,178.58,-0.03704,0,178.58,-0.03704,0,400,1,191.04,0,191.04,-0.01019,0,191.04,-0.01019,0,191.04,-0.01019,0,540,1,188.48,0,177.34,-0.04156,0,178.58,-0.03704,0,178.58,-0.03704,0,800,1,205.64,1,188.78,-0.013015,0,191.04,-0.01019,0,205.64,-0.00139,1,540,1,188.48,0,177.34,-0.04156,0,178.58,-0.03704,0,178.58,-0.03704,0,2238,1,205.64,1,188.78,-0.013015,0,188.78,-0.013015,0,188.78,-0.013015,0,200,1,194.78,1,188.78,-0.013015,0,188.78,-0.013015,0,191.04,-0.01019,0
36,2025,1,171.82,3745,200,1,148.86,0,139.28,-0.046435,0,139.28,-0.046435,0,146.26,-0.01857,0,200,1,151.42,0,141.92,-0.033355,0,151.42,-0.008495,0,151.42,-0.008495,0,400,1,150.42,0,150.42,-0.009935,0,150.42,-0.009935,0,150.42,-0.009935,0,400,1,161.86,0,141.92,-0.033355,0,141.92,-0.033355,0,151.42,-0.008495,0,800,1,171.58,0,162.68,-0.00119,0,162.68,-0.00119,0,162.68,-0.00119,0,800,1,161.86,0,134.48,-0.08007,0,142.08,-0.032685,0,152.68,-0.006945,0,1065,1,171.58,0,162.68,-0.00119,0,162.68,-0.00119,0,162.68,-0.00119,0,3743,1,171.82,0,131.32,-0.110295,0,162.68,-0.00119,0,162.68,-0.00119,0,200,1,162.68,0,131.32,-0.110295,0,162.68,-0.00119,0,162.68,-0.00119,0
37,2025,2,218.36,3965,200,1,190.98,0,184.24,-0.01215,0,184.24,-0.01215,0,189.64,-0.007015,0,200,1,197.2,1,180.6,-0.01719,0,192.5,-0.005065,0,192.5,-0.005065,0,400,1,216.26,1,199.3,-0.002155,1,199.3,-0.002155,1,199.3,-0.002155,1,400,1,208.6,1,199.3,-0.002155,1,199.3,-0.002155,1,199.3,-0.002155,1,800,1,216.26,1,199.3,-0.002155,1,199.3,-0.002155,1,199.3,-0.002155,1,800,1,210.5,1,199.3,-0.002155,1,199.3,-0.002155,1,210.5,-0.00041,1,1100,1,216.26,1,199.3,-0.002155,1,199.3,-0.002155,1,199.3,-0.002155,1,3815,1,218.36,1,199.3,-0.002155,1,205.1,-0.00093,1,205.1,-0.00093,1,200,1,205.1,1,199.3,-0.002155,1,205.1,-0.00093,1,205.1,-0.00093,1
38,2025,3,216.66,3965,200,1,163.84,0,155.26,-0.111685,0,155.26,-0.111685,0,155.26,-0.111685,0,200,1,176.02,0,155.92,-0.106385,0,162.82,-0.06048,0,162.82,-0.06048,0,400,1,176.42,0,171.46,-0.026995,0,176.42,-0.015705,0,176.42,-0.015705,0,400,1,176.02,0,171.46,-0.026995,0,171.46,-0.026995,0,175.92,-0.01666,0,800,1,185.54,0,171.46,-0.026995,0,174.22,-0.020145,0,180.24,-0.010195,0,800,1,178.82,0,157.62,-0.093205,0,165.62,-0.04726,0,178.82,-0.012055,0,1308,1,185.54,0,161.82,-0.06591,0,174.22,-0.020145,0,174.22,-0.020145,0,3513,1,216.66,1,171.46,-0.026995,0,172.0,-0.02565,0,172.0,-0.02565,0,200,1,187.04,0,171.46,-0.026995,0,172.0,-0.02565,0,172.0,-0.02565,0
39,2025,4,197.7,3993,200,1,197.7,1,161.62,-0.1716,0,197.7,-0.0046,1,197.7,-0.0046,1,200,1,176.9,0,157.58,-0.221495,0,157.58,-0.221495,0,162.3,-0.164125,0,400,1,197.7,1,161.62,-0.1716,0,161.62,-0.1716,0,197.7,-0.0046,1,400,1,176.9,0,157.58,-0.221495,0,158.68,-0.20735,0,168.08,-0.109625,0,800,1,197.7,1,177.72,-0.04804,0,177.72,-0.04804,0,197.7,-0.0046,1,800,1,181.0,0,157.58,-0.221495,0,164.08,-0.14572,0,168.08,-0.109625,0,1110,1,197.7,1,169.02,-0.10206,0,177.72,-0.04804,0,177.72,-0.04804,0,3716,1,197.7,1,157.32,-0.22488,0,167.92,-0.110825,0,167.92,-0.110825,0,200,1,179.72,0,157.32,-0.22488,0,161.62,-0.1716,0,178.32,-0.045345,0
40,2025,5,206.86,3889,200,1,166.14,0,154.74,-0.49363,0,166.14,-0.296245,0,166.14,-0.296245,0,200,1,173.22,0,166.14,-0.296245,0,166.14,-0.296245,0,166.14,-0.296245,0,400,1,186.88,0,167.3,-0.278675,0,167.3,-0.278675,0,179.98,-0.123735,0,400,1,184.84,0,166.68,-0.287865,0,166.68,-0.287865,0,166.68,-0.287865,0,800,1,193.54,0,175.82,-0.16555,0,175.82,-0.16555,0,175.82,-0.16555,0,800,1,184.84,0,181.58,-0.109215,0,181.58,-0.109215,0,181.58,-0.109215,0,1526,1,206.86,1,175.82,-0.16555,0,175.82,-0.16555,0,175.94,-0.164105,0,3835,1,206.86,1,166.68,-0.287865,0,169.8,-0.242295,0,169.8,-0.242295,0,200,1,181.58,0,166.68,-0.287865,0,169.8,-0.242295,0,175.82,-0.16555,0
41,2025,6,213.28,3780,200,1,160.34,0,129.34,-0.532415,0,160.34,-0.119575,0,160.34,-0.119575,0,200,1,178.34,0,149.76,-0.22838,0,174.24,-0.03869,0,174.24,-0.03869,0,400,1,178.34,0,156.56,-0.154045,0,156.56,-0.154045,0,160.34,-0.119575,0,400,1,188.86,0,149.76,-0.22838,0,161.28,-0.111715,0,188.86,-0.00768,0,800,1,213.28,1,140.92,-0.349865,0,156.56,-0.154045,0,157.16,-0.148235,0,800,1,188.86,0,143.48,-0.312535,0,151.38,-0.209245,0,161.28,-0.111715,0,1015,1,213.28,1,149.76,-0.22838,0,156.56,-0.154045,0,175.6,-0.03407,0,3085,1,213.28,1,151.88,-0.20343,0,151.88,-0.20343,0,171.7,-0.04896,0,200,1,173.38,0,160.48,-0.118345,0,160.48,-0.118345,0,173.38,-0.041835,0
42,2025,7,196.1,3740,200,1,149.98,0,141.72,-0.46417,0,143.72,-0.432165,0,149.98,-0.33746,0,200,1,145.88,0,138.12,-0.52079,0,139.2,-0.50379,0,145.88,-0.39894,0,400,1,149.98,0,141.72,-0.46417,0,145.0,-0.41246,0,145.0,-0.41246,0,400,1,167.76,0,129.46,-0.65492,0,138.12,-0.52079,0,167.76,-0.129395,0,800,1,196.1,1,154.94,-0.26842,0,154.94,-0.26842,0,157.84,-0.232095,0,800,1,167.76,0,141.72,-0.46417,0,141.72,-0.46417,0,167.76,-0.129395,0,1008,1,196.1,1,150.74,-0.32646,0,150.74,-0.32646,0,157.84,-0.232095,0,3132,1,196.1,1,164.06,-0.16361,0,168.24,-0.1254,0,168.24,-0.1254,0,200,1,167.76,0,167.74,-0.12972,0,167.74,-0.12972,0,167.74,-0.12972,0
43,2025,8,191.28,3768,200,1,177.76,0,155.42,-0.08352,0,155.42,-0.08352,0,173.72,-0.01537,0,200,1,179.14,0,160.68,-0.054895,0,179.14,-0.00815,0,179.14,-0.00815,0,400,1,187.12,0,187.12,-0.00286,0,187.12,-0.00286,0,187.12,-0.00286,0,400,1,182.98,0,160.68,-0.054895,0,166.56,-0.03229,0,179.14,-0.00815,0,800,1,187.12,0,176.12,-0.01175,0,187.12,-0.00286,0,187.12,-0.00286,0,800,1,187.62,0,160.68,-0.054895,0,160.68,-0.054895,0,167.28,-0.030185,0,1026,1,187.12,0,176.12,-0.01175,0,187.12,-0.00286,0,187.12,-0.00286,0,3375,1,191.28,0,165.22,-0.03682,0,165.22,-0.03682,0,176.56,-0.01123,0,200,1,187.12,0,165.22,-0.03682,0,165.22,-0.03682,0,187.12,-0.00286,0
44,2025,9,234.34,3733,200,1,226.32,1,181.3,-0.067935,0,198.84,-0.017935,1,198.84,-0.017935,1,200,1,226.32,1,203.08,-0.01232,1,203.08,-0.01232,1,203.08,-0.01232,1,400,1,234.34,1,181.3,-0.067935,0,181.3,-0.067935,0,198.84,-0.017935,1,400,1,234.34,1,181.3,-0.067935,0,181.3,-0.067935,0,199.08,-0.017585,1,784,1,234.34,1,181.3,-0.067935,0,181.3,-0.067935,0,198.84,-0.017935,1,800,1,234.34,1,180.7,-0.070625,0,181.3,-0.067935,0,203.4,-0.011875,1,784,1,234.34,1,181.3,-0.067935,0,181.3,-0.067935,0,198.84,-0.017935,1,3394,1,234.34,1,181.3,-0.067935,0,181.3,-0.067935,0,181.3,-0.067935,0,200,1,203.08,1,181.3,-0.067935,0,181.3,-0.067935,0,181.3,-0.067935,0
45,2025,10,209.56,3759,200,1,193.0,0,168.54,-0.139085,0,193.0,-0.017505,0,193.0,-0.017505,0,200,1,196.1,1,183.5,-0.04437,0,189.92,-0.024165,0,189.92,-0.024165,0,400,1,202.82,1,177.52,-0.073515,0,181.5,-0.05261,0,193.42,-0.016785,0,400,1,196.1,1,183.5,-0.04437,0,183.5,-0.04437,0,189.92,-0.024165,0,800,1,202.82,1,176.0,-0.08243,0,176.0,-0.08243,0,177.52,-0.073515,0,800,1,202.82,1,173.5,-0.09912,0,177.52,-0.073515,0,177.52,-0.073515,0,1096,1,202.82,1,160.92,-0.21983,0,176.0,-0.08243,0,177.52,-0.073515,0,3386,1,202.82,1,153.98,-0.31434,0,173.5,-0.09912,0,173.5,-0.09912,0,200,1,196.1,1,173.24,-0.10095,0,173.5,-0.09912,0,183.5,-0.04437,0
46,2025,11,193.38,3786,200,1,179.08,0,169.28,-0.036865,0,179.08,-0.0169,0,179.08,-0.0169,0,200,1,141.18,0,128.1,-0.31934,0,128.82,-0.311105,0,141.18,-0.188715,0,400,1,179.08,0,169.28,-0.036865,0,179.08,-0.0169,0,179.08,-0.0169,0,400,1,157.84,0,124.3,-0.364455,0,128.1,-0.31934,0,139.48,-0.20336,0,800,1,179.08,0,169.28,-0.036865,0,179.08,-0.0169,0,179.08,-0.0169,0,800,1,173.78,0,125.7,-0.34717,0,130.6,-0.291065,0,130.6,-0.291065,0,911,1,193.38,0,147.78,-0.13742,0,169.28,-0.036865,0,179.08,-0.0169,0,3449,1,193.38,0,145.3,-0.155255,0,169.28,-0.036865,0,169.28,-0.036865,0,200,1,149.76,0,145.3,-0.155255,0,145.3,-0.155255,0,149.76,-0.12416,0
47,2025,12,227.34,3737,200,1,190.02,0,178.64,-0.19786,0,190.02,-0.11251,0,190.02,-0.11251,0,200,1,184.22,0,170.28,-0.27951,0,184.22,-0.1525,0,184.22,-0.1525,0,400,1,191.26,0,168.06,-0.30285,0,178.64,-0.19786,0,190.02,-0.11251,0,400,1,194.78,1,194.78,-0.085255,1,194.78,-0.085255,1,194.78,-0.085255,1,800,1,203.18,1,168.06,-0.30285,0,168.06,-0.30285,0,190.02,-0.11251,0,800,1,200.1,1,195.38,-0.082195,1,195.38,-0.082195,1,200.1,-0.060915,1,880,1,203.18,1,168.06,-0.30285,0,168.06,-0.30285,0,190.02,-0.11251,0,3296,1,219.64,1,189.06,-0.118485,0,189.06,-0.118485,0,194.48,-0.086695,1,200,1,220.14,1,189.06,-0.118485,0,220.14,-0.01215,1,220.14,-0.01215,1
48,2025,13,177.06,3620,200,1,159.66,0,159.66,-0.00701,0,159.66,-0.00701,0,159.66,-0.00701,0,200,1,169.28,0,136.96,-0.070425,0,138.28,-0.062735,0,162.38,-0.00499,0,400,1,169.28,0,159.66,-0.00701,0,159.66,-0.00701,0,162.38,-0.00499,0,400,1,169.28,0,147.72,-0.026295,0,147.72,-0.026295,0,147.72,-0.026295,0,800,1,169.28,0,145.3,-0.03333,0,146.48,-0.02963,0,159.66,-0.00701,0,800,1,169.28,0,145.54,-0.03252,0,159.66,-0.00701,0,159.66,-0.00701,0,1113,1,169.28,0,145.3,-0.03333,0,155.34,-0.011545,0,159.66,-0.00701,0,3591,1,177.06,0,145.54,-0.03252,0,153.84,-0.013835,0,155.34,-0.011545,0,200,1,147.88,0,145.54,-0.03252,0,146.48,-0.02963,0,146.48,-0.02963,0
49,2025,14,184.04,3676,200,1,183.84,0,131.74,-0.361565,0,171.96,-0.026625,0,171.96,-0.026625,0,200,1,183.84,0,136.16,-0.301305,0,157.64,-0.087985,0,162.54,-0.06114,0,400,1,183.84,0,134.86,-0.318855,0,171.96,-0.026625,0,172.16,-0.02611,0,400,1,183.84,0,121.86,-0.50481,0,144.96,-0.19618,0,157.64,-0.087985,0,800,1,183.84,0,140.36,-0.24825,0,162.56,-0.06089,0,162.56,-0.06089,0,800,1,183.84,0,134.84,-0.319395,0,162.56,-0.06089,0,172.16,-0.02611,0,1393,1,183.84,0,140.36,-0.24825,0,162.56,-0.06089,0,162.56,-0.06089,0,3659,1,184.04,0,133.76,-0.33368,0,145.76,-0.187505,0,162.56,-0.06089,0,200,1,166.94,0,133.76,-0.33368,0,145.76,-0.187505,0,145.76,-0.187505,0
50,2025,15,197.2,3900,200,1,184.7,0,177.4,-0.02609,0,177.4,-0.02609,0,177.4,-0.02609,0,200,1,194.6,1,183.5,-0.01414,0,183.5,-0.01414,0,194.6,-0.00401,1,400,1,184.7,0,162.5,-0.09162,0,162.5,-0.09162,0,177.4,-0.02609,0,400,1,195.5,1,195.5,-0.003585,1,195.5,-0.003585,1,195.5,-0.003585,1,800,1,184.7,0,162.5,-0.09162,0,162.5,-0.09162,0,177.4,-0.02609,0,800,1,195.5,1,195.5,-0.003585,1,195.5,-0.003585,1,195.5,-0.003585,1,1084,1,184.7,0,161.4,-0.099685,0,162.5,-0.09162,0,177.4,-0.02609,0,3467,1,197.2,1,161.4,-0.099685,0,167.7,-0.061795,0,195.5,-0.003585,1,200,1,195.5,1,161.4,-0.099685,0,167.7,-0.061795,0,195.5,-0.003585,1
51,2025,16,200.76,3737,200,1,171.72,0,152.82,-0.068985,0,171.72,-0.01062,0,171.72,-0.01062,0,200,1,178.3,0,153.78,-0.06355,0,178.3,-0.00456,0,178.3,-0.00456,0,400,1,171.72,0,146.22,-0.116025,0,152.82,-0.068985,0,157.2,-0.046965,0,400,1,180.8,0,152.82,-0.068985,0,153.78,-0.06355,0,180.8,-0.003235,0,800,1,177.86,0,146.22,-0.116025,0,177.86,-0.004905,0,177.86,-0.004905,0,800,1,180.8,0,139.12,-0.19071,0,146.22,-0.116025,0,152.82,-0.068985,0,1102,1,177.86,0,146.22,-0.116025,0,177.86,-0.004905,0,177.86,-0.004905,0,3658,1,200.76,1,149.02,-0.093625,0,154.96,-0.0574,0,154.96,-0.0574,0,200,1,200.76,1,149.02,-0.093625,0,151.8,-0.075045,0,154.96,-0.0574,0
52,2025,17,192.98,3814,200,1,163.44,0,161.14,-0.027415,0,163.44,-0.020975,0,163.44,-0.020975,0,200,1,177.32,0,177.32,-0.003045,0,177.32,-0.003045,0,177.32,-0.003045,0,400,1,163.44,0,161.14,-0.027415,0,163.44,-0.020975,0,163.44,-0.020975,0,400,1,177.32,0,161.14,-0.027415,0,177.32,-0.003045,0,177.32,-0.003045,0,800,1,167.24,0,161.14,-0.027415,0,161.14,-0.027415,0,163.44,-0.020975,0,800,1,188.94,0,161.14,-0.027415,0,161.14,-0.027415,0,177.32,-0.003045,0,1469,1,192.98,0,161.14,-0.027415,0,161.14,-0.027415,0,163.44,-0.020975,0,3807,1,192.98,0,156.2,-0.04629,0,161.14,-0.027415,0,177.32,-0.003045,0,200,1,163.44,0,156.2,-0.04629,0,161.14,-0.027415,0,161.14,-0.027415,0
53,2025,18,175.9,3830,200,1,173.08,0,151.74,-0.032665,0,151.74,-0.032665,0,151.74,-0.032665,0,200,1,173.08,0,125.2,-0.24435,0,127.62,-0.211855,0,149.46,-0.04019,0,400,1,173.08,0,130.58,-0.175225,0,130.58,-0.175225,0,152.84,-0.02936,0,400,1,173.08,0,131.04,-0.17,0,131.04,-0.17,0,138.58,-0.09975,0,800,1,173.08,0,131.04,-0.17,0,131.84,-0.16138,0,132.8,-0.15142,0,800,1,173.08,0,131.04,-0.17,0,153.1,-0.02867,0,153.1,-0.02867,0,1173,1,173.08,0,131.04,-0.17,0,131.84,-0.16138,0,164.9,-0.00831,0,3481,1,175.9,0,131.04,-0.17,0,135.2,-0.127965,0,136.72,-0.11471,0,200,1,170.74,0,131.04,-0.17,0,135.2,-0.127965,0,164.9,-0.00831,0
