week,player,position,salary,own_pct,pts
1,Justin Fields,QB,5400,1.78,29.52
1,Bijan Robinson,RB,8000,10.73,27.4
1,Devon Achane,RB,6900,15.59,16.5
1,Puka Nacua,WR,7600,6.34,26.1
1,Ricky Pearsall,WR,4500,12.57,17.8
1,Emeka Egbuka,WR,4600,25.9,23.6
1,Juwan Johnson,TE,3300,0.81,15.6
1,Jaxon Smith-Njigba,WR,5800,7.54,23.4
1,Broncos,DST,3800,16.76,14
2,Russell Wilson,QB,5100,0.68,34.3
2,Jonathan Taylor,RB,6700,4.2,32.5
2,Christian McCaffrey,RB,7500,39.22,22.7
2,Malik Nabers,WR,7100,6.44,40.7
2,Amon-Ra St. Brown,WR,7000,5.93,42.2
2,Rome Odunze,WR,4800,9.39,34.8
2,Jake Ferguson,TE,3800,6.76,16.8
2,Wandale Robinson,WR,4400,0.64,31.2
2,49ers Defense,DST,3600,3.59,5.0
3,Geno Smith,QB,5200,1.15,26.06
3,Jordan Mason,RB,5400,35.48,26.6
3,Jonathan Taylor,RB,7200,24.07,35.8
3,D.K. Metcalf,WR,5700,9.28,12.2
3,Ricky Pearsall,WR,5500,10.96,22.7
3,Tre Tucker,WR,3400,0.58,43.9
3,Brock Bowers,TE,6000,7.84,9.8
3,Christian McCaffrey,RB,8200,25.47,24
3,Vikings,DST,3400,4.57,30
4,Patrick Mahomes,QB,6000,7.34,27.3
4,Ashton Jeanty,RB,6200,13.59,37.5
4,Bucky Irving,RB,6900,5.18,29.5
4,Puka Nacua,WR,7900,38.34,39
4,Drake London,WR,5700,14.28,28
4,Rome Odunze,WR,6300,29.49,16.9
4,Woody Marks,RB,4400,0.87,27.9
4,Jalen Tonges,TE,3100,0.54,14.8
4,Lions,DST,3500,9.8,19
5,Justin Fields,QB,5600,31.51,25.92
5,Jonathan Taylor,RB,8000,23.12,31.6
5,Breece Hall,RB,5600,30.29,21.5
5,Jaxson Smith-Njigba,WR,7100,22.71,30.2
5,Emeka Egbuka,WR,6900,7.07,34.3
5,Jaylen Waddle,WR,5400,12.75,26
5,Jake Ferguson,TE,4800,30.04,23.9
5,Rico Dowdle,RB,4300,18.01,35.4
5,Saints,DST,2200,15.83,18
6,Drake Maye,QB,5900,12.02,27.24
6,Josh Jacobs,RB,7300,29.77,32
6,Rico Dowdle,RB,5800,37.56,36.9
6,Jaxon Smith-Njigba,WR,7600,25.22,33.2
6,George Pickens,WR,6800,9.51,34.8
6,Kayshon Boutte,WR,3800,1.21,26.3
6,Michael Mayer,TE,3100,4.85,16
6,Kyren Williams,RB,6300,23.72,16.7
6,Colts Defense,DST,3300,13.73,4
7,Justin Herbert,QB,6400,6,32.9
7,Jonathan Taylor,RB,8800,28.6,34.2
7,Javonte Williams,RB,6700,22.3,21.8
7,Keenan Allen,WR,5500,6.2,31.9
7,Chris Olave,WR,5400,16.4,26.8
7,Rashee Rice,WR,5600,37,23.2
7,Trey McBride,TE,5700,14,29.4
7,Oronde Gadsden,TE,3300,1.4,32.4
7,Panthers DST,DST,2500,8.5,17
8,Tua Tagovailoa,QB,4800,0.36,24.2
8,James Cook,RB,6700,10.94,36.6
8,Breece Hall,RB,6100,6.43,35.86
8,Jaylen Waddle,WR,5700,4.73,20.9
8,Michael Pittman,WR,5600,9.41,23.5
8,Xavier Hutchinson,WR,3700,1.88,17.9
8,George Kittle,TE,4500,7.32,14.3
8,Jonathan Taylor,RB,9500,33.08,40.4
8,Bills DST,DST,3300,2.88,17
9,Caleb Williams,QB,5700,9.82,38.7
9,Christian McCaffrey,RB,8800,33,37.3
9,Kyle Monangai,RB,4600,54.72,25.8
9,Ja'Marr Chase,WR,8400,28.36,20.1
9,Drake London,WR,6400,4.18,41.8
9,Olamide Zaccheaus,WR,3300,4.87,17.8
9,Brock Bowers,TE,5000,13.91,46.3
9,Jaylen Warren,RB,5500,8.22,16.9
9,Titans DST,DST,2300,1.36,20
10,Baker Mayfield,QB,6200,5.67,22.92
10,De'Von Achane,RB,7400,25.17,43.5
10,Jahmyr Gibbs,RB,8000,12.26,41.2
10,Emeka Egbuka,WR,7000,16.41,26.5
10,Tez Johnson,WR,4500,12.26,20.2
10,TreVeyon Henderson,RB,5600,14.57,31
10,Cade Otton,TE,3900,10.26,17.2
10,Jauan Jennings,WR,4600,18.1,18.1
10,Jets DST,DST,2800,3.59,19
11,Jacoby Brissett,QB,4900,14.78,26.88
11,Bijan Robinson,RB,8300,11.73,33.3
11,Aaron Jones,RB,5500,10.34,11.1
11,Michael Wilson,WR,3800,23.75,36.5
11,Tetairoa McMillan,WR,5600,2.66,36
11,Greg Dortch,WR,3300,8.84,18.6
11,Trey McBride,TE,6300,33.72,30.5
11,Christian McCaffrey,RB,9000,21.96,35.1
11,Steelers DST,DST,3300,2.92,21
12,Jameis Winston,QB,4600,3.97,36.24
12,Jahmyr Gibbs,RB,8300,38.81,58.4
12,Wan'Dale Robinson,WR,5500,7.72,33.6
12,Amon-Ra St. Brown,WR,8000,23.11,32.9
12,A.J. Brown,WR,5900,13.89,28
12,DeVonta Smith,WR,5600,20.46,14.9
12,Hunter Henry,TE,3900,13.29,27.5
12,Emanuel Wilson,RB,5300,23.32,29.5
12,Browns,DST,2900,28.37,16
13,Jacoby Brissett,QB,5800,17.22,23.64
13,Kimani Vidal,RB,5700,16.14,23.7
13,Bijan Robinson,RB,8500,14.43,33.3
13,Nico Collins,WR,6700,21.36,21.5
13,Tetairoa McMillan,WR,6100,8.98,11.3
13,Adonai Mitchell,WR,3600,7.66,27.2
13,Dalton Schultz,TE,3800,10.59,12.5
13,Brock Bowers,TE,5800,9.97,22.3
13,Seahawks DST,DST,3900,14.07,30
14,Josh Allen,QB,7700,14.2,37.84
14,Josh Jacobs,RB,6800,18.48,17.2
14,Tony Pollard,RB,4900,0.3,31.1
14,Puka Nacua,WR,8700,14.86,38.7
14,Michael Wilson,WR,5600,42.02,40.2
14,DK Metcalf,WR,5400,4.58,24.8
14,Dalton Kincaid,TE,4300,7.72,14.1
14,Harold Fannin,TE,3700,5.17,28.4
14,Titans DST,DST,2900,7.98,7
15,Jared Goff,QB,6100,3.71,28.52
15,TreVeyon Henderson,RB,6100,6.6,33.1
15,D'Andre Swift,RB,5700,3.33,22.6
15,Puka Nacua,WR,8700,38.78,30.9
15,Jameson Williams,WR,6100,15.27,29.4
15,Amon-Ra St. Brown,WR,7900,13.2,44.4
15,Colby Parkinson,TE,3200,7.27,24.5
15,Ben Sinnott,TE,2700,0.77,4.6
15,Bears DST,DST,3500,4.85,18
16,Justin Herbert,QB,6000,7.01,33.2
16,Chase Brown,RB,6900,6.1,32.9
16,Ashton Jeanty,RB,5600,2,34.8
16,Chris Olave,WR,6500,12.32,39.8
16,Quentin Johnston,WR,4900,1.47,23.4
16,Keenan Allen,WR,4800,8.51,9.4
16,Brock Bowers,TE,5600,2.14,14.3
16,James Cook,RB,7700,13.23,29.4
16,Raiders,DST,2000,2.74,1
17,Drake Maye,QB,6800,11.12,32.44
17,Chase Brown,RB,7400,20.93,32.1
17,Rhamondre Stevenson,RB,5900,4.37,27.2
17,Stefon Diggs,WR,5800,26.02,25.1
17,Michael Wilson,WR,6400,7.23,19.9
17,Trey McBride,TE,7500,34.46,23.6
17,Parker Washington,WR,4800,11.92,22
17,Michael Mayer,TE,2500,19.07,17.9
17,Giants DST,DST,2900,8.28,18
