season,week,player,position,salary,own_pct,pts,winning_score
2023,1,Tua Tagovailoa,QB,6700,5.76,32.14,233.24
2023,1,Austin Ekeler,RB,8400,15.08,29.4,233.24
2023,1,Kenneth Walker,RB,6000,9.73,10.7,233.24
2023,1,Kendrick Bourne,WR,3300,2.19,24.4,233.24
2023,1,Calvin Ridley,WR,6500,16.87,27.1,233.24
2023,1,Brandon Aiyuk,WR,4900,5.74,35.9,233.24
2023,1,Hayden Hurst,TE,3000,3.66,15.1,233.24
2023,1,Tyreek Hill,WR,8200,23.63,47.5,233.24
2023,1,Washington DST,DST,2800,35.52,11.0,233.24
2023,2,Daniel Jones,QB,6000,3.28,34.74,224.4
2023,2,Saquon Barkley,RB,8000,8.41,27.2,224.4
2023,2,Rachaad White,RB,5500,15.79,21.3,224.4
2023,2,Keenan Allen,WR,7100,11.7,34.1,224.4
2023,2,Christian Kirk,WR,5100,6.14,24.96,224.4
2023,2,Nico Collins,WR,4800,10.98,30.8,224.4
2023,2,Darren Waller,TE,5500,5.03,13.6,224.4
2023,2,Zack Moss,RB,4700,9.46,20.7,224.4
2023,2,Buccaneers,DST,3200,9.76,17.0,224.4
2023,3,Jared Goff,QB,6500,3.74,19.02,294.38
2023,3,Kenneth Walker,RB,6200,20.45,30.6,294.38
2023,3,Raheem Mostert,RB,6000,16.19,45.2,294.38
2023,3,Tyreek Hill,WR,9000,22.76,33.7,294.38
2023,3,Keenan Allen,WR,7600,15.73,48.46,294.38
2023,3,Tank Dell,WR,3600,20.63,28.5,294.38
2023,3,Sam Laporta,TE,4000,9.27,22.4,294.38
2023,3,Adam Thielen,WR,3900,10.97,34.5,294.38
2023,3,Bills DST,DST,2900,12.3,32.0,294.38
2023,5,Joe Burrow,QB,6200,6.18,27.38,259.18
2023,5,Breece Hall,RB,5400,31.18,31.4,259.18
2023,5,David Montgomery,RB,6600,44.61,23.9,259.18
2023,5,Ja’Marr Chase,WR,7900,19.96,55.2,259.18
2023,5,Jordan Addison,WR,5300,4.32,18.4,259.18
2023,5,Adam Thielen,WR,5100,15.81,30.7,259.18
2023,5,Dallas Goedert,TE,4200,5.62,28.7,259.18
2023,5,Devon Achane,RB,6100,31.15,25.5,259.18
2023,5,Jets DST,DST,3100,8.46,18.0,259.18
2023,6,Desmond Ridder,QB,5000,4.24,22.08,226.38
2023,6,Kyren Williams,RB,6500,18.87,24.8,226.38
2023,6,Raheem Mostert,RB,6400,54.76,37.2,226.38
2023,6,Cooper Kupp,WR,9000,19.73,30.8,226.38
2023,6,Drake London,WR,4800,10.84,24.5,226.38
2023,6,Amon-ra St. Brown,WR,7700,4.57,33.4,226.38
2023,6,Kyle Pitts,TE,3500,9.27,14.3,226.38
2023,6,Rashid Shaheed,WR,3700,1.26,18.3,226.38
2023,6,Vikings DST,DST,3000,3.36,21.0,226.38
2023,7,Patrick Mahomes,QB,8300,11.59,37.86,238.06
2023,7,Jahmyr Gibbs,RB,6300,15.52,27.6,238.06
2023,7,Dont’a Foreman,RB,4800,10.32,33.0,238.06
2023,7,Courtland Sutton,WR,5200,4.42,19.6,238.06
2023,7,Jaxon Smith-Njigba,WR,3900,12.37,16.3,238.06
2023,7,Josh Downs,WR,4500,2.28,26.5,238.06
2023,7,Travis Kelce,TE,8000,17.92,38.9,238.06
2023,7,Mark Andrews,TE,5700,19.83,22.3,238.06
2023,7,Cleveland Browns,DST,3300,12.77,16.0,238.06
2023,8,Dak Prescott,QB,6100,6.43,32.06,237.66
2023,8,Alvin Kamara,RB,7300,29.66,27.0,237.66
2023,8,Breece Hall,RB,5900,45.13,21.3,237.66
2023,8,AJ Brown,WR,8000,21.71,36.0,237.66
2023,8,Ceedee Lamb,WR,7600,5.41,44.0,237.66
2023,8,Michael Gallup,WR,3400,7.75,4.0,237.66
2023,8,Trey Mcbride,TE,2800,19.5,25.5,237.66
2023,8,Deandre Hopkins,WR,5500,0.87,37.8,237.66
2023,8,Seahawks DST,DST,3400,8.6,10.0,237.66
2023,9,C.J. Stroud,QB,6200,6.9,44.8,250.4
2023,9,Bijan Robinson,RB,6100,15.7,6.9,250.4
2023,9,Rachaad White,RB,5600,10.1,27.9,250.4
2023,9,Ceedee Lamb,WR,8200,34.9,32.1,250.4
2023,9,Tank Dell,WR,5300,6.8,32.6,250.4
2023,9,Noah Brown,WR,3100,3.7,30.3,250.4
2023,9,Dalton Schultz,TE,4200,5.7,31.0,250.4
2023,9,Josh Jacobs,RB,6900,17.8,21.8,250.4
2023,9,Cleveland Defense,DST,4200,11.5,23.0,250.4
2023,10,Dak Prescott,QB,6700,7.59,41.86,260.06
2023,10,Rachaad White,RB,5800,21.35,17.8,260.06
2023,10,Najee Harris,RB,4900,13.69,18.6,260.06
2023,10,Ceedee Lamb,WR,8500,12.89,42.5,260.06
2023,10,Brandin Cooks,WR,4200,1.65,35.3,260.06
2023,10,Keenan Allen,WR,8800,7.99,43.5,260.06
2023,10,T.J Hockenson,TE,5000,6.07,33.4,260.06
2023,10,Trey Mcbride,TE,3500,19.63,24.1,260.06
2023,10,Cardinals DST,DST,2500,11.81,3.0,260.06
2023,11,Brock Purdy,QB,5800,14.49,29.72,215.82
2023,11,Devin Singletary,RB,5300,41.65,22.8,215.82
2023,11,Brian Robinson Jr.,RB,5800,28.89,20.1,215.82
2023,11,Khalil Shakir,WR,3200,1.52,23.5,215.82
2023,11,Tank Dell,WR,5900,34.51,31.9,215.82
2023,11,DJ Moore,WR,5600,24.16,22.6,215.82
2023,11,Dalton Kincaid,TE,4900,8.96,10.6,215.82
2023,11,Tyreek Hill,WR,9300,17.82,33.6,215.82
2023,11,Cowboys,DST,4100,9.23,21.0,215.82
2023,13,Brock Purdy,QB,6100,21.1,32.46,218.16
2023,13,Derrick Henry,RB,6800,8.29,28.0,218.16
2023,13,Zack Moss,RB,4600,65.15,7.7,218.16
2023,13,Mike Evans,WR,7700,4.85,32.2,218.16
2023,13,Deebo Samuel,WR,6200,20.7,38.8,218.16
2023,13,Nico Collins,WR,6800,8.83,37.1,218.16
2023,13,Sam Laporta,TE,5600,6.81,32.0,218.16
2023,13,Greg Dortch,WR,3700,9.64,2.9,218.16
2023,13,Patriots,DST,2400,14.08,7.0,218.16
2023,14,Lamar Jackson,QB,7700,3.68,35.64,230.84
2023,14,Rachaad White,RB,6800,3.93,24.5,230.84
2023,14,Joe Mixon,RB,6100,26.03,21.5,230.84
2023,14,Deebo Samuel,WR,6800,16.48,37.0,230.84
2023,14,Drake London,WR,4600,21.33,32.2,230.84
2023,14,Odell Beckham Jr.,WR,3800,7.65,19.7,230.84
2023,14,Isaiah Likely,TE,3500,14.56,19.3,230.84
2023,14,Austin Ekeler,RB,7600,5.26,21.0,230.84
2023,14,Vikings DST,DST,3100,5.88,20.0,230.84
2023,15,Baker Mayfield,QB,5700,1.0,33.04,235.24
2023,15,Christian Mccaffrey,RB,9300,35.7,44.7,235.24
2023,15,Rachaad White,RB,7000,15.4,21.9,235.24
2023,15,Noah Brown,WR,5000,5.2,22.2,235.24
2023,15,Jayden Reed,WR,4900,40.7,17.2,235.24
2023,15,Demarcus Robinson,WR,3600,11.5,14.7,235.24
2023,15,David Njoku,TE,4700,14.7,29.4,235.24
2023,15,James Cook,RB,6300,4.5,39.1,235.24
2023,15,Cleveland DST,DST,3500,7.5,13.0,235.24
2023,16,Joe Flacco,QB,5500,12.58,29.82,249.02
2023,16,Jahmyr Gibbs,RB,7000,6.26,25.0,249.02
2023,16,Breece Hall,RB,6100,23.33,43.1,249.02
2023,16,Amari Cooper,WR,6400,11.4,54.5,249.02
2023,16,Tyler Lockett,WR,5600,7.35,16.1,249.02
2023,16,KJ Osborn,WR,3900,0.69,20.5,249.02
2023,16,David Njoku,TE,5300,28.31,16.4,249.02
2023,16,Mike Evans,WR,7600,20.55,27.6,249.02
2023,16,Buccaneers,DST,2600,7.73,16.0,249.02
2023,17,Lamar Jackson,QB,7700,6.28,39.34,218.24
2023,17,Kenneth Walker,RB,6100,1.57,16.5,218.24
2023,17,Travis Etienne,RB,7200,7.65,28.8,218.24
2023,17,Davante Adams,WR,7400,2.56,40.6,218.24
2023,17,Zay Flowers,WR,5600,10.65,22.6,218.24
2023,17,Darius Slayton,WR,3400,12.31,23.6,218.24
2023,17,George Kittle,TE,5600,8.77,5.9,218.24
2023,17,Wan’dale Robinson,WR,4000,3.71,19.9,218.24
2023,17,Texans DST,DST,3000,6.14,21.0,218.24
2023,18,Nick Mullens,QB,5100,14.8,25.64,226.04
2023,18,James Conner,RB,6100,30.01,33.4,226.04
2023,18,Breece Hall,RB,7200,5.7,32.0,226.04
2023,18,Ceedee Lamb,WR,9300,32.04,35.5,226.04
2023,18,Darius Slayton,WR,4000,14.49,17.2,226.04
2023,18,Justin Jefferson,WR,8500,28.02,39.0,226.04
2023,18,Johnny Mundt,TE,3000,12.24,10.8,226.04
2023,18,Michael Wilson,WR,4400,3.14,15.5,226.04
2023,18,Giants DST,DST,2300,7.03,17.0,226.04
2024,2,D Jones,QB,5300,6.88,18.32,229.92
2024,2,A Kamara,RB,7000,4.31,47.0,229.92
2024,2,J Mason,RB,5200,50.14,20.4,229.92
2024,2,M Harrison Jr.,WR,6000,3.6,32.0,229.92
2024,2,C Godwin,WR,5900,23.24,27.7,229.92
2024,2,M Nabers,WR,5900,17.59,31.7,229.92
2024,2,T Mcbride,TE,6000,6.57,18.7,229.92
2024,2,J Dobbins,RB,5400,27.51,23.1,229.92
2024,2,Cardinals,DST,2300,5.78,11.0,229.92
2024,3,S Darnold,QB,5500,6.4,23.24,240.14
2024,3,K Williams,RB,7100,2.8,31.6,240.14
2024,3,Z Charbonnet,RB,6000,21.9,25.7,240.14
2024,3,J Jefferson,WR,8600,8.5,20.1,240.14
2024,3,D Johnson,WR,4900,7.3,29.2,240.14
2024,3,J Jennings,WR,4100,14.3,49.5,240.14
2024,3,D Goedert,TE,4600,5.9,30.0,240.14
2024,3,A Jones,RB,5900,3.0,28.8,240.14
2024,3,Tampa DST,DST,3000,15.8,2.0,240.14
2024,4,J Fields,QB,5500,8.2,35.98,223.68
2024,4,J Conner,RB,6500,12.7,21.3,223.68
2024,4,C Hubbard,RB,5700,19.0,25.1,223.68
2024,4,M Evans,WR,7000,5.1,23.4,223.68
2024,4,J Reed,WR,6000,8.1,30.1,223.68
2024,4,G Pickens,WR,5700,11.0,20.3,223.68
2024,4,T Hill,TE,3800,2.1,14.4,223.68
2024,4,N Collins,WR,7200,27.8,36.1,223.68
2024,4,ATL Dst,DST,2600,7.0,17.0,223.68
2024,5,L Jackson,QB,7500,6.8,37.4,236.92
2024,5,C Hubbard,RB,6100,18.8,18.5,236.92
2024,5,D Swift,RB,5700,17.9,20.0,236.92
2024,5,J Chase,WR,8000,11.7,44.3,236.92
2024,5,T Mclaurin,WR,6100,8.9,17.4,236.92
2024,5,T Higgins,WR,6000,8.7,29.3,236.92
2024,5,T Kraft,TE,3500,30.8,24.8,236.92
2024,5,D Slayton,WR,3900,4.6,29.2,236.92
2024,5,Broncos,DST,2900,35.0,16.0,236.92
2024,6,J Love,QB,6600,8.39,26.62,220.92
2024,6,D Henry,RB,8000,16.29,28.2,220.92
2024,6,S Tucker,RB,4000,0.04,37.2,220.92
2024,6,Z Flowers,WR,6500,15.13,25.4,220.92
2024,6,C Godwin,WR,6900,8.96,38.5,220.92
2024,6,J Tolbert,WR,5000,24.25,8.3,220.92
2024,6,C Otton,TE,3500,14.84,9.5,220.92
2024,6,J Mixon,RB,6900,1.9,30.2,220.92
2024,6,Buccaneers,DST,2600,27.02,17.0,220.92
2024,7,S Darnold,QB,6200,11.46,17.26,185.36
2024,7,K Hunt,RB,6000,13.66,22.3,185.36
2024,7,J Gibbs,RB,6900,3.04,35.0,185.36
2024,7,J Jefferson,WR,8500,20.98,21.4,185.36
2024,7,A St. Brown,WR,8300,8.13,28.2,185.36
2024,7,E Moore,WR,3200,5.51,10.1,185.36
2024,7,D Njoku,TE,4100,18.53,23.6,185.36
2024,7,M Hardman,WR,3300,0.9,12.5,185.36
2024,7,Bengals DST,DST,3300,6.3,15.0,185.36
2024,8,B Nix,QB,5600,8.9,29.76,211.66
2024,8,Bijan Robinson,RB,7200,8.1,22.0,211.66
2024,8,J Cook,RB,7000,2.6,31.3,211.66
2024,8,J Chase,WR,8500,18.1,20.4,211.66
2024,8,L Mcconkey,WR,5100,3.3,32.1,211.66
2024,8,C Tillman,WR,3300,19.7,28.9,211.66
2024,8,C Otton,TE,3500,35.2,29.1,211.66
2024,8,C Hubbard,RB,6700,1.1,9.1,211.66
2024,8,Buffalo DST,DST,3000,1.6,9.0,211.66
2024,9,G Smith,QB,5800,4.0,28.12,262.1
2024,9,S Barkley,RB,8200,12.3,36.9,262.1
2024,9,D Achane,RB,6700,21.5,32.1,262.1
2024,9,JSN,WR,6200,6.5,40.0,262.1
2024,9,C Sutton,WR,5400,13.7,26.28,262.1
2024,9,Q Johnston,WR,4400,2.9,25.0,262.1
2024,9,M Gesicki,TE,3100,21.8,30.0,262.1
2024,9,Z Flowers,WR,7000,1.6,32.7,262.1
2024,9,Ten DST,DST,3200,5.7,11.0,262.1
2024,10,B Purdy,QB,6500,16.4,26.82,178.32
2024,10,B Robinson,RB,7700,16.7,32.4,178.32
2024,10,A Ekeler,RB,5800,15.4,18.1,178.32
2024,10,C Ridley,WR,5700,3.8,25.4,178.32
2024,10,J Jennings,WR,5100,14.8,16.3,178.32
2024,10,N Brown,WR,4300,8.5,6.3,178.32
2024,10,G kittle,TE,5800,19.0,14.7,178.32
2024,10,J Conner,RB,6500,9.8,22.3,178.32
2024,10,New England,DST,2500,12.2,16.0,178.32
2024,11,J Goff,QB,6300,7.4,37.58,232.5
2024,11,B Hall,RB,7500,7.8,31.1,232.5
2024,11,A Estime,RB,4500,9.0,5.5,232.5
2024,11,Amon-Ra,WR,8000,8.5,41.7,232.5
2024,11,J Williams,WR,5800,8.7,25.6,232.5
2024,11,K Bourne,WR,3100,1.3,18.0,232.5
2024,11,T Hill,TE,4500,3.8,46.52,232.5
2024,11,D Achane,RB,7200,36.0,20.5,232.5
2024,11,Mia DST,DST,3000,13.3,6.0,232.5
2024,12,T Tagovailoa,QB,5800,7.2,31.4,233.08
2024,12,D Achane,RB,7500,23.7,20.6,233.08
2024,12,B Irving,RB,5300,8.9,27.1,233.08
2024,12,J Waddle,WR,5300,4.9,31.4,233.08
2024,12,J Meyers,WR,5100,8.9,25.1,233.08
2024,12,J Addison,WR,5100,1.5,33.2,233.08
2024,12,T Mcbride,TE,5600,9.6,28.3,233.08
2024,12,J Gibbs,RB,7300,13.5,24.9,233.08
2024,12,AZ DST,DST,2600,3.4,11.0,233.08
2024,13,J Daniels,QB,7200,2.9,28.64,218.74
2024,13,B Irving,RB,5800,34.3,30.5,218.74
2024,13,B Robinson Jr.,RB,6100,4.6,20.9,218.74
2024,13,T Mclaurin,WR,7100,2.3,27.3,218.74
2024,13,L Mcconkey,WR,6100,21.8,23.7,218.74
2024,13,N Westbrook-Ikhine,WR,4300,4.3,21.1,218.74
2024,13,P Freiermuth,TE,3500,4.6,18.8,218.74
2024,13,M Evans,WR,6700,17.6,28.8,218.74
2024,13,Chargers DST,DST,3100,1.9,19.0,218.74
2024,14,J Allen,QB,8000,6.15,54.88,281.6
2024,14,Z Charbonnet,RB,4800,43.2,41.3,281.6
2024,14,I Guerendo,RB,5400,41.01,26.8,281.6
2024,14,P Nacua,WR,7700,7.34,44.8,281.6
2024,14,K Shakir,WR,5900,7.15,24.6,281.6
2024,14,D Mooney,WR,5500,6.96,23.2,281.6
2024,14,P Freiermuth,TE,3800,9.29,13.8,281.6
2024,14,J Addison,WR,5300,10.94,42.3,281.6
2024,14,Steelers DST,DST,3500,10.35,10.0,281.6
2024,15,J Goff,QB,6500,4.4,44.06,261.86
2024,15,C Brown,RB,7200,14.8,26.3,261.86
2024,15,R Stevenson,RB,5900,5.7,9.5,261.86
2024,15,A St. Brown,WR,7600,11.0,41.3,261.86
2024,15,D Adams,WR,6900,10.6,45.8,261.86
2024,15,B Thomas,WR,5800,8.1,35.5,261.86
2024,15,B Strange,TE,2500,9.1,18.3,261.86
2024,15,S Laporta,TE,4400,7.8,21.1,261.86
2024,15,Denver DST,DST,3200,13.4,20.0,261.86
2024,16,M Penix,QB,4500,19.1,7.38,238.48
2024,16,J Taylor,RB,6900,6.0,42.8,238.48
2024,16,C Hubbard,RB,6800,10.4,35.5,238.48
2024,16,J Smith-Njigba,WR,6000,18.2,24.0,238.48
2024,16,K Allen,WR,5300,18.8,32.1,238.48
2024,16,K Boutte,WR,3500,1.4,20.5,238.48
2024,16,G Kittle,TE,6000,5.1,21.6,238.48
2024,16,J Conner,RB,7100,28.9,29.6,238.48
2024,16,ATL DST,DST,3700,4.0,25.0,238.48
