n_cand,oracle,tag,simrank,selected,selbest,gap,extra,orc_clears,sel_clears
163,171.3,boom,88,False,167.4,3.9,0,False,False
166,211.5,dark,35,True,211.5,0.0,0,True,True
174,213.1,qbvar,162,False,181.2,31.9,1,True,False
171,173.7,game,54,False,169.5,4.3,0,False,False
167,157.7,boom,43,True,157.7,0.0,0,False,False
165,177.3,boom,4,True,177.3,0.0,0,False,False
160,176.3,dark,127,False,155.7,20.6,0,False,False
164,191.8,boom,145,False,158.0,33.7,0,False,False
161,182.0,boom,68,True,182.0,0.0,0,False,False
167,199.2,qbvar,57,False,191.7,7.5,5,True,False
168,215.5,boom,59,True,215.5,0.0,0,True,True
169,195.5,boom,2,True,195.5,0.0,0,True,True
164,250.4,lev,12,True,250.4,0.0,47,True,True
170,214.9,boom,15,True,214.9,0.0,1,True,True
168,202.6,boom,17,True,202.6,0.0,0,True,True
166,170.9,lev,141,False,156.0,14.9,0,False,False
172,199.1,lev,110,False,172.3,26.8,2,True,False
159,179.6,lev,75,False,156.1,23.5,0,False,False
170,220.7,lev,47,False,218.1,2.6,6,True,True
163,175.5,dark,3,True,175.5,0.0,0,False,False
162,152.0,boom,96,False,136.8,15.2,0,False,False
170,184.9,boom,31,False,180.6,4.3,0,False,False
164,178.8,lev,43,False,168.7,10.1,0,False,False
169,189.3,qbvar,67,False,173.9,15.4,0,False,False
163,207.4,lev,142,False,196.0,11.4,1,True,True
165,164.2,boom,39,True,164.2,0.0,0,False,False
169,146.9,boom,152,False,138.4,8.5,0,False,False
167,160.4,boom,44,True,160.4,0.0,0,False,False
164,184.1,lev,39,False,172.0,12.1,0,False,False
167,192.5,boom,5,True,192.5,0.0,0,False,False
160,236.4,qbvar,127,False,224.4,12.0,4,True,True
160,191.9,lev,21,False,181.9,10.0,0,False,False
162,181.0,qbvar,60,False,180.5,0.5,0,False,False
172,158.8,dark,124,False,152.1,6.7,0,False,False
174,166.6,boom,15,True,166.6,0.0,0,False,False
169,140.0,dark,102,False,125.9,14.1,0,False,False
162,184.2,boom,144,False,175.4,8.8,0,False,False
171,164.7,boom,16,True,164.7,0.0,0,False,False
168,168.7,boom,103,True,168.7,0.0,0,False,False
161,192.0,boom,10,True,192.0,0.0,0,False,False
168,172.5,boom,159,False,169.5,3.0,0,False,False
167,221.5,lev,105,False,195.3,26.2,7,True,True
171,170.6,boom,16,True,170.6,0.0,0,False,False
168,170.4,qbvar,134,False,160.2,10.2,0,False,False
164,163.0,boom,73,True,163.0,0.0,0,False,False
164,188.1,lev,49,True,188.1,0.0,0,False,False
165,191.3,boom,27,True,191.3,0.0,0,False,False
164,169.2,lev,43,False,161.7,7.5,0,False,False
169,189.7,lev,14,False,181.4,8.2,0,False,False
167,218.1,qbvar,47,True,218.1,0.0,0,True,True
169,170.2,dark,86,False,168.1,2.1,0,False,False
173,236.6,boom,26,True,236.6,0.0,0,True,True
172,181.0,dark,12,True,181.0,0.0,0,False,False
167,181.2,lev,90,False,164.1,17.1,0,False,False
170,185.0,lev,41,False,175.2,9.8,0,False,False
169,169.3,lev,94,False,167.1,2.2,0,False,False
158,187.4,boom,10,True,187.4,0.0,0,False,False
165,167.8,boom,33,True,167.8,0.0,0,False,False
159,181.7,lev,45,False,163.5,18.2,0,False,False
167,172.8,game,72,False,172.7,0.1,0,False,False
169,167.4,boom,69,False,156.1,11.4,0,False,False
157,189.9,boom,21,True,189.9,0.0,0,False,False
161,157.1,dark,44,True,157.1,0.0,0,False,False
171,188.7,boom,15,True,188.7,0.0,0,False,False
164,170.5,boom,116,False,169.9,0.6,0,False,False
172,154.5,boom,132,True,154.5,0.0,0,False,False
168,175.3,boom,58,True,175.3,0.0,0,False,False
168,218.0,boom,53,True,218.0,0.0,0,True,True
172,206.4,qbvar,13,False,196.3,10.1,1,True,True
165,178.1,dark,22,True,178.1,0.0,0,False,False
167,193.3,lev,12,False,172.4,20.9,0,False,False
164,206.0,boom,8,True,206.0,0.0,0,True,True
167,200.2,lev,146,False,192.4,7.8,6,True,False
167,182.9,boom,84,True,182.9,0.0,0,False,False
170,187.6,boom,3,True,187.6,0.0,0,False,False
165,192.9,boom,113,True,192.9,0.0,0,False,False
170,183.0,boom,125,False,158.4,24.5,0,False,False
166,189.5,boom,104,True,189.5,0.0,0,False,False
167,199.8,boom,107,True,199.8,0.0,1,True,True
172,182.7,lev,118,False,149.5,33.2,0,False,False
168,170.9,boom,3,True,170.9,0.0,0,False,False
171,166.9,boom,135,False,155.7,11.2,0,False,False
169,177.8,boom,70,False,156.7,21.1,0,False,False
169,154.5,boom,28,True,154.5,0.0,0,False,False
169,216.4,boom,10,True,216.4,0.0,1,True,True
168,169.9,boom,138,False,151.6,18.3,0,False,False
171,172.4,boom,146,True,172.4,0.0,0,False,False
171,160.2,boom,138,True,160.2,0.0,0,False,False
172,196.7,lev,73,False,157.4,39.3,1,True,False
166,166.1,lev,103,False,160.4,5.7,0,False,False
161,203.7,qbvar,44,False,182.2,21.5,2,True,False
168,186.9,boom,15,True,186.9,0.0,0,False,False
166,195.3,boom,142,True,195.3,0.0,0,True,True
166,180.6,game,108,False,154.0,26.6,0,False,False
169,167.0,qbvar,15,False,159.5,7.5,0,False,False
173,229.2,dark,6,True,229.2,0.0,0,True,True
169,202.2,dark,9,True,202.2,0.0,0,True,True
170,192.7,game,62,False,192.4,0.3,0,False,False
169,211.8,lev,137,False,192.2,19.6,10,True,False
172,187.3,boom,27,True,187.3,0.0,0,False,False
172,214.1,game,162,False,207.6,6.4,5,True,True
168,179.3,boom,8,True,179.3,0.0,0,False,False
171,175.0,boom,31,False,170.2,4.7,0,False,False
167,207.1,game,65,False,185.8,21.3,3,True,False
167,180.6,lev,28,False,167.6,13.0,0,False,False
174,195.9,boom,3,True,195.9,0.0,0,True,True
170,167.6,dark,47,False,159.3,8.3,0,False,False
