dd,display_name,position,team,gsis_id,salary,mean_projection,market_points,depth_rank,practice_level,injury_status,dk_ppg,games_24_25,big_games,big_share,big_injury_driven,last_big,last_big_pts,last_big_injury_driven,mean_24_25,p90_24_25
43727243,Trevor Lawrence,QB,JAX,00-0036971,5800,20.344865977633898,18.55887178578105,1,,,21.0,34.0,5.0,0.15,0.0,2025-w16,31.2,False,15.2,27.3
43728219,Colston Loveland,TE,CHI,00-0040126,5300,10.943602779373666,12.213977583631904,1,,,11.4,17.0,3.0,0.18,0.0,2025-w18,25.1,False,9.9,22.9
43727355,Travis Etienne Jr.,RB,NO,00-0036973,5900,16.473142214042223,13.5494074784116,1,,,15.7,34.0,5.0,0.15,0.0,2025-w15,31.5,False,11.5,21.0
43728529,Eagles,DST,PHI,0.0,3200,8.89075,,,,,7.8,,,,,,,,,
43727781,Luke McCaffrey,WR,WAS,00-0039355,3500,5.226575284615977,,6,,,5.7,33.0,0.0,0.0,0.0,none,,,2.6,7.1
43727399,MarShawn Lloyd,RB,GB,00-0039811,4800,11.867410314561422,9.975714980229569,1,,,,33.0,0.0,0.0,0.0,none,,,0.1,0.0
43728275,Brock Wright,TE,DET,00-0036754,2900,3.1944571878914183,,2,,,3.3,32.0,0.0,0.0,0.0,none,,,2.2,7.5
43727635,Justin Jefferson,WR,MIN,00-0036322,7300,14.355825713336419,15.35389612864969,1,,,12.4,33.0,12.0,0.36,0.0,2025-w18,21.4,False,16.2,25.4
43728225,Dalton Kincaid,TE,BUF,00-0038933,4600,8.686046772300084,8.614636649929052,1,,,11.7,34.0,3.0,0.09,0.0,2025-w9,25.1,False,6.9,14.6
43727719,Jalen Nailor,WR,LV,00-0037291,4300,8.2387142189375,6.883440752659645,2,,,6.1,33.0,1.0,0.03,0.0,2025-w10,26.4,False,6.3,14.0
43727357,Bhayshul Tuten,RB,JAX,00-0040719,5800,12.784488717298952,10.13555606327196,1,,,5.9,17.0,0.0,0.0,0.0,none,,,5.3,11.1
43727653,Jameson Williams,WR,DET,00-0037240,6000,12.085252006087256,11.770316068871177,2,,,13.6,32.0,7.0,0.22,0.0,2025-w15,29.4,False,13.0,26.8
43727333,Chase Brown,RB,CIN,00-0038597,7100,17.178662943068502,15.788755880653902,1,,,17.2,33.0,8.0,0.24,0.0,2025-w17,32.1,False,16.1,26.1
43727707,Jalen Coker,WR,CAR,00-0039491,4600,10.142587770157927,8.726539207213085,2,,,10.2,33.0,1.0,0.03,0.0,2024-w15,24.0,False,5.2,14.8
43728233,Dallas Goedert,TE,PHI,00-0034351,4100,8.791524807169255,8.962463408140618,1,,,13.0,34.0,6.0,0.18,0.0,2025-w15,25.0,False,8.7,19.1
43727251,Bryce Young,QB,CAR,00-0039150,5200,19.031284152785275,16.674018953418532,1,,,15.4,33.0,4.0,0.12,0.0,2025-w11,34.8,False,13.0,25.8
43727669,Parker Washington,WR,JAX,00-0038606,5600,10.895527922151716,11.83771513493863,2,,,12.8,34.0,3.0,0.09,0.0,2025-w17,22.0,False,8.5,19.2
43727665,Alec Pierce,WR,IND,00-0037664,5700,10.928891368325328,7.872577710895318,1,1.0,,12.6,34.0,6.0,0.18,0.0,2025-w18,32.2,False,10.6,24.6
43727703,Quentin Johnston,WR,LAC,00-0038544,4700,10.489094616901873,10.722827775737315,2,,,12.0,34.0,6.0,0.18,0.0,2025-w16,23.4,False,10.5,23.7
43728223,Kyle Pitts Sr.,TE,ATL,00-0036970,4700,8.809841631146721,9.460883458559973,1,,,12.6,34.0,7.0,0.21,0.0,2025-w16,18.7,False,10.1,17.3
43727245,Tyler Shough,QB,NO,00-0040743,5600,19.84882306580669,18.605337992249762,1,,,15.6,17.0,0.0,0.0,0.0,none,,,10.1,22.5
43727693,Marvin Harrison Jr.,WR,ARI,00-0039849,5000,11.106777026599172,10.027431820413115,1,,,10.7,34.0,3.0,0.09,0.0,2025-w9,22.6,False,9.7,18.5
43727723,Malik Washington,WR,MIA,00-0039880,4200,8.143750983354341,6.330120368682618,1,,,6.9,34.0,0.0,0.0,0.0,none,,,5.1,10.2
43727729,Jerry Jeudy,WR,CLE,00-0036407,4100,7.860537700585821,6.507952679074795,1,,,7.2,34.0,4.0,0.12,0.0,2024-w17,21.4,False,10.9,20.9
43727787,Chimere Dike,WR,TEN,00-0040705,3400,6.223627460682896,,4,,,7.5,17.0,1.0,0.06,0.0,2025-w12,21.4,False,7.5,16.6
43727697,Michael Pittman Jr.,WR,PIT,00-0036252,4900,10.26384690775875,10.502512663994283,2,,,12.1,34.0,6.0,0.18,0.0,2025-w9,23.5,False,11.1,20.6
43727331,James Cook III,RB,BUF,00-0037248,7200,16.588807715541897,14.88077238331264,1,,,18.8,34.0,15.0,0.44,0.0,2025-w16,29.4,False,18.0,30.3
43728253,Pat Freiermuth,TE,PIT,00-0036894,3400,6.789542393769523,6.353588961409784,1,,,6.6,33.0,4.0,0.12,0.0,2025-w7,31.1,False,8.5,16.1
43727241,Jared Goff,QB,DET,00-0033106,6000,20.668558764593456,16.78241375705995,1,,,19.3,32.0,10.0,0.31,0.0,2025-w16,29.5,False,20.5,29.4
43950119,Kayshon Boutte,WR,HOU,00-0038608,4500,7.568020034901867,4.971002502340365,2,,,8.8,34.0,3.0,0.09,0.0,2025-w6,26.3,False,7.4,18.5
43727236,Lamar Jackson,QB,BAL,00-0034796,6800,21.218701127187526,20.239999062204284,1,,,17.3,32.0,12.0,0.38,0.0,2025-w9,25.6,False,20.1,32.6
43727387,Woody Marks,RB,HOU,00-0040583,5000,7.522436529464078,6.685224806806202,2,,,9.8,17.0,1.0,0.06,0.0,2025-w4,27.9,False,8.5,15.8
43727235,Joe Burrow,QB,CIN,00-0036442,6900,21.580065260499133,21.88121378542492,1,,,18.2,33.0,10.0,0.3,0.0,2025-w16,32.0,False,16.2,32.0
43727663,Terry McLaurin,WR,WAS,00-0035659,5700,11.662435474696899,10.4296388914056,1,,,11.4,33.0,8.0,0.24,0.0,2025-w13,22.6,False,11.7,23.2
43727661,Garrett Wilson,WR,NYJ,00-0037740,5800,13.153395268782035,13.576920703090313,1,,,14.2,34.0,7.0,0.21,0.0,2025-w4,20.2,False,10.7,23.8
43727343,Ashton Jeanty,RB,LV,00-0040122,6600,16.113552507542693,15.60475541972545,1,2.0,,14.8,17.0,3.0,0.18,0.0,2025-w16,34.8,False,14.8,28.8
43727349,Breece Hall,RB,NYJ,00-0038120,6200,15.578113875954916,13.961193240719954,1,2.0,,13.9,34.0,7.0,0.21,0.0,2025-w17,23.9,False,13.8,24.8
43727655,Christian Watson,WR,GB,00-0038124,5900,12.718952965483389,11.018178297279043,1,,,13.5,33.0,4.0,0.12,0.0,2025-w17,25.3,False,7.0,20.0
43727679,Carnell Tate,WR,TEN,00-0041438,5300,10.427283248830545,8.897235112418343,1,,,,,,,,,,,,
43727649,Emeka Egbuka,WR,TB,00-0040129,6200,13.786166272093293,12.160455129082251,1,2.0,,12.0,16.0,4.0,0.25,0.0,2025-w10,26.5,False,12.7,25.1
43728243,Cade Otton,TE,TB,00-0038129,3700,8.025188906915007,7.904034181256665,1,,,7.6,33.0,4.0,0.12,0.0,2025-w10,17.2,False,7.4,16.5
43727641,DeVonta Smith,WR,PHI,00-0036912,6600,13.90450656897383,14.295730673071752,1,,,12.4,34.0,7.0,0.21,0.0,2025-w7,36.3,False,12.2,21.9
43727238,Jayden Daniels,QB,WAS,00-0039910,6500,18.543650730847098,15.279135395643213,1,,,17.0,33.0,8.0,0.24,0.0,2024-w17,35.8,False,14.9,28.5
43727353,David Montgomery,RB,HOU,00-0035685,6000,13.567702567178092,11.480241740847081,1,,,10.1,32.0,4.0,0.12,0.0,2025-w3,32.4,False,11.8,20.8
43728259,Gunnar Helm,TE,TEN,00-0040584,3200,6.01222068916335,5.6999963423502695,1,,,5.7,17.0,0.0,0.0,0.0,none,,,5.4,10.6
43727681,Michael Wilson,WR,ARI,00-0038559,5300,9.774139266192261,9.11887388121568,2,,,13.5,34.0,4.0,0.12,0.0,2025-w18,20.9,False,10.4,20.6
43727695,Jayden Reed,WR,GB,00-0039146,4900,9.527649599763862,8.62444822293656,2,,,8.0,33.0,2.0,0.06,0.0,2024-w4,30.1,False,7.7,18.4
43727325,Jahmyr Gibbs,RB,DET,00-0039139,8000,21.526515056209313,22.690415145991174,1,,,22.3,32.0,15.0,0.47,0.0,2025-w18,20.3,False,23.1,39.5
43727701,Khalil Shakir,WR,BUF,00-0037261,4800,9.158376221196399,8.532142767240721,2,,,11.4,34.0,4.0,0.12,0.0,2025-w12,21.0,False,10.6,20.3
43727244,Jordan Love,QB,GB,00-0036264,5700,19.769646998150044,16.89600678359673,1,,,17.6,33.0,4.0,0.12,0.0,2025-w8,31.3,False,14.3,25.5
43727371,Aaron Jones Sr.,RB,MIN,00-0033293,5300,12.219807673116083,9.462296168410965,1,,,10.0,33.0,3.0,0.09,0.0,2024-w12,23.9,False,10.8,18.8
43727383,Tyjae Spears,RB,TEN,00-0039032,5100,8.307250627994204,7.738742166897703,2,,,8.6,34.0,3.0,0.09,0.0,2025-w16,21.5,False,6.6,16.0
43727327,Bijan Robinson,RB,ATL,00-0038542,7700,17.78990290735156,19.628345754217072,1,,,23.2,34.0,20.0,0.59,0.0,2025-w17,42.9,False,22.1,33.3
43727239,Caleb Williams,QB,CHI,00-0039918,6300,21.428643204188127,17.703767178557733,1,,,19.8,34.0,9.0,0.26,0.0,2025-w17,26.0,False,17.9,28.4
43728241,Juwan Johnson,TE,NO,00-0036040,3700,9.21520486133852,10.699731294826332,1,,,10.7,34.0,5.0,0.15,0.0,2025-w16,16.9,False,9.0,15.4
43727683,Chris Godwin Jr.,WR,TB,00-0033921,5200,11.383479027429882,10.548199291748332,2,,,9.6,33.0,4.0,0.12,0.0,2025-w17,26.8,False,6.9,21.3
43727351,D'Andre Swift,RB,CHI,00-0036275,6100,15.45843368515677,14.232677831347583,1,,,14.7,34.0,9.0,0.26,0.0,2025-w17,21.9,False,13.4,23.4
43727363,Quinshon Judkins,RB,CLE,00-0040784,5500,11.868797874036325,10.575928097822317,1,,,12.3,17.0,2.0,0.12,0.0,2025-w7,26.4,False,10.2,18.7
43727237,Jalen Hurts,QB,PHI,00-0036389,6600,21.589054035884484,20.236221496728987,1,,,19.1,34.0,8.0,0.24,0.0,2025-w12,30.9,False,18.9,30.0
43728525,Chargers,DST,LAC,0.0,3500,7.8999999999999995,,,,,6.7,,,,,,,,,
43728273,Darnell Washington,TE,PIT,00-0038558,3000,3.829819631202973,4.007529492656975,2,,,4.7,33.0,0.0,0.0,0.0,none,,,3.6,8.2
43728245,Brenton Strange,TE,JAX,00-0038935,3600,7.8744620733177495,8.883077673708181,1,,,9.3,34.0,2.0,0.06,0.0,2025-w18,17.2,False,6.2,14.1
43727299,Spencer Rattler,QB,NO,00-0039376,4000,12.262878737967236,,2,,,11.8,34.0,0.0,0.0,0.0,none,,,5.3,14.6
43728526,Jaguars,DST,JAX,0.0,3400,10.3345,,,,,8.2,,,,,,,,,
43727403,Kimani Vidal,RB,LAC,00-0039391,4800,7.172432081882015,,3,,,9.6,34.0,3.0,0.09,0.0,2025-w13,23.7,False,4.7,16.4
43728235,Chig Okonkwo,TE,WAS,00-0037809,4000,7.119630393520555,6.107877344785534,1,,,7.3,34.0,2.0,0.06,0.0,2025-w16,16.4,False,7.0,14.0
43727361,Tony Pollard,RB,TEN,00-0035261,5600,12.688829973434778,10.164494052152406,1,,,11.6,34.0,4.0,0.12,0.0,2025-w15,21.2,False,12.0,20.5
43727240,Justin Herbert,QB,LAC,00-0036355,6100,20.67763235348771,18.39072778356288,1,,,19.1,34.0,7.0,0.21,0.0,2025-w16,33.2,False,17.9,30.3
43727699,Wan'Dale Robinson,WR,TEN,00-0038117,4800,9.865977043225588,9.968686158834224,2,,,14.2,34.0,4.0,0.12,0.0,2025-w17,25.3,False,12.0,19.7
43727647,Tee Higgins,WR,CIN,00-0036410,6300,14.270532732843137,13.815766989260041,2,2.0,,14.3,33.0,6.0,0.18,0.0,2025-w14,27.2,False,13.4,28.9
43727234,Josh Allen,QB,BUF,00-0034857,7000,20.030034069033793,20.199786317511215,1,,,23.3,34.0,10.0,0.29,0.0,2025-w14,37.8,False,23.0,40.6
43824688,Stefon Diggs,WR,WAS,00-0031588,5200,9.690434014306218,9.004687473390216,2,,,12.2,34.0,5.0,0.15,0.0,2025-w17,25.1,False,10.2,22.3
43727242,Baker Mayfield,QB,TB,00-0034855,5900,19.683870244104973,17.79829855976204,1,,,17.2,33.0,9.0,0.27,0.0,2025-w5,29.7,False,20.6,31.4
43727675,DK Metcalf,WR,PIT,00-0035640,5400,11.843490075409003,10.50206149204224,1,,,12.5,33.0,4.0,0.12,0.0,2025-w14,24.8,False,12.0,22.7
43727254,Kirk Cousins,QB,LV,00-0029604,5000,17.055788285932024,14.595779986123398,1,,,11.3,34.0,3.0,0.09,0.0,2025-w15,29.9,False,9.3,19.3
43727639,Chris Olave,WR,NO,00-0037239,6700,15.67457550636562,16.710440341799206,1,,,17.4,34.0,7.0,0.21,1.0,2025-w17,28.9,False,10.5,23.6
43727246,Kyler Murray,QB,MIN,00-0035228,5500,21.08709561404591,18.536826801881638,1,,,16.4,34.0,5.0,0.15,0.0,2024-w18,27.9,False,11.8,25.2
43727645,Zay Flowers,WR,BAL,00-0039064,6400,14.405208199792202,13.476426296281305,1,2.0,,15.0,32.0,8.0,0.25,0.0,2025-w16,22.2,False,13.9,23.5
43727247,Daniel Jones,QB,IND,00-0035710,5400,19.227768972774843,17.329701553746148,1,,,18.7,33.0,3.0,0.09,0.0,2025-w2,25.8,False,11.7,23.4
43727250,C.J. Stroud,QB,HOU,00-0039163,5200,17.80478027368741,16.285532525634277,1,,,15.0,34.0,3.0,0.09,0.0,2025-w8,25.7,False,13.6,22.7
43728257,T.J. Hockenson,TE,MIN,00-0035229,3300,7.35616397175801,7.181374893620173,1,,,7.5,33.0,3.0,0.09,0.0,2025-w3,15.9,False,6.1,11.9
43728535,Raiders,DST,LV,0.0,2900,8.75125,,,,,4.4,,,,,,,,,
43728531,Titans,DST,TEN,0.0,3100,8.442,,,,,4.8,,,,,,,,,
43728217,Trey McBride,TE,ARI,00-0037744,6800,12.133457106705599,14.377857469643338,1,,,19.1,34.0,17.0,0.5,0.0,2025-w17,23.6,False,17.0,30.2
43728277,Michael Mayer,TE,LV,00-0039066,2900,7.7502018889448046,8.16535203572855,2,,,5.7,34.0,2.0,0.06,0.0,2025-w17,17.9,False,3.2,7.8
43728221,Tyler Warren,TE,IND,00-0040128,4900,10.451841369430548,11.01576869473627,1,,,11.1,17.0,4.0,0.24,0.0,2025-w10,17.9,False,11.1,18.1
43727677,Rome Odunze,WR,CHI,00-0039919,5400,10.832381811255036,9.634169256785135,1,1.0,Questionable,11.8,34.0,5.0,0.15,0.0,2025-w10,20.6,False,8.9,20.5
43728547,Browns,DST,CLE,0.0,2100,6.034,,,,,7.8,,,,,,,,,
43727252,Cam Ward,QB,TEN,00-0040676,5100,15.642098541215955,15.339060776254238,1,,,11.8,17.0,0.0,0.0,0.0,none,,,11.8,18.0
43727657,Ladd McConkey,WR,LAC,00-0039915,5900,14.127287421770994,12.597225006358368,1,,,11.4,34.0,7.0,0.21,0.0,2025-w10,23.7,False,12.8,23.7
43728227,Tucker Kraft,TE,GB,00-0038996,4500,9.844853000449199,10.90096892341887,1,,,15.4,33.0,6.0,0.18,0.0,2025-w8,36.3,False,8.7,18.0
43727335,De'Von Achane,RB,MIA,00-0039040,7000,16.805428872596433,17.278355504471527,1,,,20.9,34.0,15.0,0.44,0.0,2025-w13,22.4,False,18.8,31.3
43727637,Nico Collins,WR,HOU,00-0036554,7000,15.342287922272817,14.206222199032306,1,,,15.1,34.0,10.0,0.29,0.0,2025-w15,23.5,False,13.5,25.2
43727249,Aaron Rodgers,QB,PIT,00-0023459,5300,17.542258742488492,14.839998883688892,1,,,14.1,33.0,3.0,0.09,0.0,2025-w1,25.7,False,14.8,23.9
43727673,Luther Burden III,WR,CHI,00-0040735,5500,11.66068560374206,12.207676355798844,2,,,8.6,17.0,2.0,0.12,0.0,2025-w17,30.8,False,7.9,17.8
43728247,Greg Dulcich,TE,MIA,00-0037252,3500,6.552688227542047,6.04829456467399,1,,,6.4,34.0,1.0,0.03,0.0,2025-w17,16.1,False,2.1,6.6
43727248,Malik Willis,QB,MIA,00-0038128,5300,17.91512241725665,14.54811928435099,1,,,13.0,33.0,2.0,0.06,0.0,2025-w17,32.5,False,3.2,12.1
43727329,Jonathan Taylor,RB,IND,00-0036223,7300,18.158525872253907,17.417173036455885,1,,,22.3,34.0,12.0,0.35,0.0,2025-w10,52.6,False,19.1,35.3
43728237,Mark Andrews,TE,BAL,00-0034753,3900,8.544951091172932,9.245376611233405,1,,,7.7,32.0,9.0,0.28,0.0,2025-w11,15.7,False,9.6,18.6
43727359,Bucky Irving,RB,TB,00-0039361,5700,15.064533213343484,11.968781559875111,1,,,14.3,33.0,4.0,0.12,0.0,2025-w4,29.5,False,11.7,24.5
43727377,Kenny Gainwell,RB,TB,00-0036919,5200,9.923284864676067,9.885381151379695,2,,,12.8,33.0,3.0,0.09,0.0,2025-w16,23.8,False,8.0,19.3
43727709,KC Concepcion,WR,CLE,00-0041547,4600,8.27230238018341,7.798690651760061,2,,,,,,,,,,,,
43727667,DJ Moore,WR,BUF,00-0034827,5600,11.762126391292894,9.910629491980393,1,,,10.8,34.0,8.0,0.24,0.0,2025-w16,21.9,False,12.3,23.3
43727737,Adonai Mitchell,WR,NYJ,00-0039890,4000,7.871813569640439,6.875243947058597,2,,,5.7,35.0,1.0,0.03,0.0,2025-w13,27.2,False,4.2,10.6
43728251,Dalton Schultz,TE,HOU,00-0034383,3400,8.060426758629905,8.254005296691634,1,,,9.9,34.0,5.0,0.15,0.0,2025-w15,21.6,False,8.7,16.6
43727365,Chuba Hubbard,RB,CAR,00-0036555,5500,13.25786114972142,10.53133028924315,1,,,9.1,33.0,7.0,0.21,0.0,2025-w13,20.4,False,11.5,24.3
43728009,Caleb Douglas,WR,MIA,00-0041523,3000,5.922028127491897,6.032455167584413,2,,,,,,,,,,,,
43728263,Mike Gesicki,TE,CIN,00-0034829,3100,6.24247957362942,5.921520429488263,1,,,5.4,33.0,4.0,0.12,0.0,2025-w14,20.6,False,6.4,15.8
43727339,Omarion Hampton,RB,LAC,00-0040666,6800,16.68431449148217,15.049443310666131,1,,,13.9,17.0,3.0,0.18,0.0,2025-w17,20.0,False,8.2,22.0
43727651,Tetairoa McMillan,WR,CAR,00-0040124,6100,13.806004254318932,12.823765823956668,1,,,12.9,16.0,1.0,0.06,0.0,2025-w11,36.0,False,12.9,19.1
43727341,Derrick Henry,RB,BAL,00-0032764,6700,16.49501134085248,15.716304435252617,1,,,18.0,32.0,13.0,0.41,0.0,2025-w17,48.6,False,19.9,33.2
43727373,Jacory Croskey-Merritt,RB,WAS,00-0040242,5300,10.752551181351608,8.771874322834282,1,1.0,,8.7,16.0,1.0,0.06,0.0,2025-w5,31.0,False,7.7,14.9
43727261,Geno Smith,QB,NYJ,00-0030565,4600,13.692113218274066,11.198102601302335,1,,,13.0,34.0,6.0,0.18,0.0,2025-w9,27.3,False,14.4,26.2
43727631,Ja'Marr Chase,WR,CIN,00-0036900,7800,20.730022499951136,20.302413641644723,1,0.0,,21.0,33.0,20.0,0.61,0.0,2025-w18,23.6,False,22.2,40.8
43727659,Jordan Addison,WR,MIN,00-0038994,5800,10.385775226334832,9.53158564526902,2,,,10.1,33.0,4.0,0.12,0.0,2025-w7,24.8,False,10.5,22.1
43727735,Tre Tucker,WR,LV,00-0038563,4000,10.347431079755312,9.58239780668735,1,,,9.7,34.0,2.0,0.06,0.0,2025-w3,43.9,False,8.6,15.1
43727337,Saquon Barkley,RB,PHI,00-0034844,6900,16.358603126650717,15.615421663905082,1,,,15.4,34.0,12.0,0.35,0.0,2025-w16,24.2,False,18.6,36.5
43727835,Tez Johnson,WR,TB,00-0040237,3100,5.449669334401565,,5,,,5.8,16.0,1.0,0.06,0.0,2025-w10,20.2,False,5.6,14.1
43727643,Drake London,WR,ATL,00-0037238,6500,12.74632895553394,12.610564825959525,1,,,18.2,34.0,8.0,0.24,0.0,2025-w11,21.9,False,14.9,32.8
43728283,Mason Taylor,TE,NYJ,00-0040736,2800,5.409368612717692,5.539902797030383,1,,,6.8,17.0,1.0,0.06,0.0,2025-w5,17.7,False,5.2,12.7
43727671,Brian Thomas Jr.,WR,JAX,00-0039893,5500,10.349153563694728,7.941278914796246,1,,,9.9,34.0,8.0,0.24,1.0,2025-w6,23.0,True,12.8,23.6
43727779,Devaughn Vele,WR,NO,00-0039424,3500,8.3826808189502,8.425847974065812,2,,,5.1,34.0,1.0,0.03,1.0,2025-w13,23.3,True,5.1,13.3
43728231,Harold Fannin Jr.,TE,CLE,00-0040663,4200,8.193714803211604,9.18854209652891,1,,,11.9,17.0,4.0,0.24,0.0,2025-w16,19.5,False,11.2,18.8
43727633,Amon-Ra St. Brown,WR,DET,00-0036963,7500,18.245007176737772,18.195577177773757,1,,,19.9,32.0,15.0,0.47,0.0,2025-w18,27.9,False,20.4,40.5
43727757,Hollywood Brown,WR,PHI,00-0035662,3800,7.29146774568504,,4,,,8.6,33.0,1.0,0.03,0.0,2025-w6,20.5,False,4.4,9.5
43728229,Sam LaPorta,TE,DET,00-0039065,4400,9.609505076795845,9.988934805165691,1,,,11.9,32.0,8.0,0.25,0.0,2025-w9,21.7,False,8.9,18.2
