rank,player,slot,own,pts,salary,proj_pct,proj,practice_dnp,in_frame,stacked,big_share,unproven
1,D'Andre Swift,FLEX,8.13,35.4,6100,0.8378378378378378,15.45843368515677,False,True,False,0.26,False
1,Jordan Love,QB,1.72,24.48,5700,0.8148148148148148,19.769646998150044,False,True,False,0.12,False
1,Jahmyr Gibbs,RB,38.58,37.6,8000,1.0,21.526515056209313,False,True,False,0.47,False
1,Derrick Henry,RB,8.03,38.3,6700,0.9054054054054054,16.49501134085248,False,True,False,0.41,False
1,Dallas Goedert,TE,8.36,23.7,4100,0.9176470588235294,8.791524807169255,False,True,False,0.18,False
1,Christian Watson,WR,3.76,35.7,5900,0.9,12.718952965483389,False,True,True,0.12,False
1,DJ Moore,WR,4.01,24.0,5600,0.8769230769230769,11.762126391292894,False,True,False,0.24,False
1,Jalen Coker,WR,6.59,36.8,4600,0.7615384615384615,10.142587770157927,False,True,False,0.03,False
2,David Montgomery,FLEX,4.82,28.9,6000,0.8108108108108109,13.567702567178092,False,True,False,0.12,False
2,Tyler Shough,QB,8.88,29.2,5600,0.8333333333333334,19.84882306580669,False,True,False,0.0,True
2,Jahmyr Gibbs,RB,38.58,37.6,8000,1.0,21.526515056209313,False,True,False,0.47,False
2,D'Andre Swift,RB,8.13,35.4,6100,0.8378378378378378,15.45843368515677,False,True,False,0.26,False
2,Juwan Johnson,TE,11.2,14.4,3700,0.9411764705882353,9.21520486133852,False,True,True,0.15,False
2,Chris Olave,WR,23.65,31.2,6700,0.9846153846153847,15.67457550636562,False,True,True,0.21,False
2,Christian Watson,WR,3.76,35.7,5900,0.9,12.718952965483389,False,True,False,0.12,False
2,Jalen Coker,WR,6.59,36.8,4600,0.7615384615384615,10.142587770157927,False,True,False,0.03,False
3,Ashton Jeanty,FLEX,7.22,35.7,6600,0.8648648648648649,16.113552507542693,False,True,False,0.18,False
3,Tyler Shough,QB,8.88,29.2,5600,0.8333333333333334,19.84882306580669,False,True,False,0.0,True
3,Jahmyr Gibbs,RB,38.58,37.6,8000,1.0,21.526515056209313,False,True,False,0.47,False
3,Derrick Henry,RB,8.03,38.3,6700,0.9054054054054054,16.49501134085248,False,True,False,0.41,False
3,Juwan Johnson,TE,11.2,14.4,3700,0.9411764705882353,9.21520486133852,False,True,True,0.15,False
3,Chris Olave,WR,23.65,31.2,6700,0.9846153846153847,15.67457550636562,False,True,True,0.21,False
3,Christian Watson,WR,3.76,35.7,5900,0.9,12.718952965483389,False,True,False,0.12,False
3,Devaughn Vele,WR,7.88,19.9,3500,0.7153846153846154,8.3826808189502,False,True,True,0.03,False
4,Chase Brown,FLEX,9.78,18.8,7100,0.9594594594594594,17.178662943068502,False,True,False,0.24,False
4,Bryce Young,QB,3.31,35.44,5200,0.7592592592592593,19.031284152785275,False,True,False,0.12,False
4,Jahmyr Gibbs,RB,38.58,37.6,8000,1.0,21.526515056209313,False,True,False,0.47,False
4,Derrick Henry,RB,8.03,38.3,6700,0.9054054054054054,16.49501134085248,False,True,False,0.41,False
4,Dallas Goedert,TE,8.36,23.7,4100,0.9176470588235294,8.791524807169255,False,True,False,0.18,False
4,Justin Jefferson,WR,10.9,31.2,7300,0.9615384615384616,14.355825713336419,False,True,False,0.36,False
4,Jalen Coker,WR,6.59,36.8,4600,0.7615384615384615,10.142587770157927,False,True,True,0.03,False
4,Devaughn Vele,WR,7.88,19.9,3500,0.7153846153846154,8.3826808189502,False,True,False,0.03,False
5,Derrick Henry,FLEX,8.03,38.3,6700,0.9054054054054054,16.49501134085248,False,True,False,0.41,False
5,Bryce Young,QB,3.31,35.44,5200,0.7592592592592593,19.031284152785275,False,True,False,0.12,False
5,Jahmyr Gibbs,RB,38.58,37.6,8000,1.0,21.526515056209313,False,True,False,0.47,False
5,D'Andre Swift,RB,8.13,35.4,6100,0.8378378378378378,15.45843368515677,False,True,False,0.26,False
5,Dallas Goedert,TE,8.36,23.7,4100,0.9176470588235294,8.791524807169255,False,True,False,0.18,False
5,Chris Olave,WR,23.65,31.2,6700,0.9846153846153847,15.67457550636562,False,True,False,0.21,False
5,Tetairoa McMillan,WR,11.64,11.5,6100,0.9307692307692308,13.806004254318932,False,True,True,0.06,False
5,Jalen Coker,WR,6.59,36.8,4600,0.7615384615384615,10.142587770157927,False,True,True,0.03,False
5,D'Andre Swift,FLEX,8.13,35.4,6100,0.8378378378378378,15.45843368515677,False,True,False,0.26,False
5,Bryce Young,QB,3.31,35.44,5200,0.7592592592592593,19.031284152785275,False,True,False,0.12,False
5,Jahmyr Gibbs,RB,38.58,37.6,8000,1.0,21.526515056209313,False,True,False,0.47,False
5,Derrick Henry,RB,8.03,38.3,6700,0.9054054054054054,16.49501134085248,False,True,False,0.41,False
5,Dallas Goedert,TE,8.36,23.7,4100,0.9176470588235294,8.791524807169255,False,True,False,0.18,False
5,Chris Olave,WR,23.65,31.2,6700,0.9846153846153847,15.67457550636562,False,True,False,0.21,False
5,Tetairoa McMillan,WR,11.64,11.5,6100,0.9307692307692308,13.806004254318932,False,True,True,0.06,False
5,Jalen Coker,WR,6.59,36.8,4600,0.7615384615384615,10.142587770157927,False,True,True,0.03,False
7,Ashton Jeanty,FLEX,7.22,35.7,6600,0.8648648648648649,16.113552507542693,False,True,False,0.18,False
7,Bryce Young,QB,3.31,35.44,5200,0.7592592592592593,19.031284152785275,False,True,False,0.12,False
7,Jahmyr Gibbs,RB,38.58,37.6,8000,1.0,21.526515056209313,False,True,False,0.47,False
7,Derrick Henry,RB,8.03,38.3,6700,0.9054054054054054,16.49501134085248,False,True,False,0.41,False
7,Juwan Johnson,TE,11.2,14.4,3700,0.9411764705882353,9.21520486133852,False,True,False,0.15,False
7,Chris Olave,WR,23.65,31.2,6700,0.9846153846153847,15.67457550636562,False,True,False,0.21,False
7,Zay Flowers,WR,10.41,29.0,6400,0.9692307692307692,14.405208199792202,False,True,False,0.25,False
7,Jalen Coker,WR,6.59,36.8,4600,0.7615384615384615,10.142587770157927,False,True,True,0.03,False
8,Derrick Henry,FLEX,8.03,38.3,6700,0.9054054054054054,16.49501134085248,False,True,False,0.41,False
8,Josh Allen,QB,3.05,38.66,7000,0.8518518518518519,20.030034069033793,False,True,False,0.29,False
8,D'Andre Swift,RB,8.13,35.4,6100,0.8378378378378378,15.45843368515677,False,True,False,0.26,False
8,David Montgomery,RB,4.82,28.9,6000,0.8108108108108109,13.567702567178092,False,True,False,0.12,False
8,Dalton Kincaid,TE,1.6,21.0,4600,0.9058823529411765,8.686046772300084,False,True,True,0.09,False
8,Chris Olave,WR,23.65,31.2,6700,0.9846153846153847,15.67457550636562,False,True,False,0.21,False
8,DJ Moore,WR,4.01,24.0,5600,0.8769230769230769,11.762126391292894,False,True,True,0.24,False
8,Jalen Coker,WR,6.59,36.8,4600,0.7615384615384615,10.142587770157927,False,True,False,0.03,False
9,D'Andre Swift,FLEX,8.13,35.4,6100,0.8378378378378378,15.45843368515677,False,True,False,0.26,False
9,Tyler Shough,QB,8.88,29.2,5600,0.8333333333333334,19.84882306580669,False,True,False,0.0,True
9,Jahmyr Gibbs,RB,38.58,37.6,8000,1.0,21.526515056209313,False,True,False,0.47,False
9,Bijan Robinson,RB,12.88,31.3,7700,0.972972972972973,17.78990290735156,False,True,False,0.59,False
9,Dallas Goedert,TE,8.36,23.7,4100,0.9176470588235294,8.791524807169255,False,True,False,0.18,False
9,Chris Olave,WR,23.65,31.2,6700,0.9846153846153847,15.67457550636562,False,True,True,0.21,False
9,Jalen Coker,WR,6.59,36.8,4600,0.7615384615384615,10.142587770157927,False,True,False,0.03,False
9,Devaughn Vele,WR,7.88,19.9,3500,0.7153846153846154,8.3826808189502,False,True,True,0.03,False
10,Bijan Robinson,FLEX,12.88,31.3,7700,0.972972972972973,17.78990290735156,False,True,False,0.59,False
10,Bryce Young,QB,3.31,35.44,5200,0.7592592592592593,19.031284152785275,False,True,False,0.12,False
10,Ashton Jeanty,RB,7.22,35.7,6600,0.8648648648648649,16.113552507542693,False,True,False,0.18,False
10,David Montgomery,RB,4.82,28.9,6000,0.8108108108108109,13.567702567178092,False,True,False,0.12,False
10,Sam LaPorta,TE,5.82,9.8,4400,0.9529411764705882,9.609505076795845,False,True,False,0.25,False
10,Chris Olave,WR,23.65,31.2,6700,0.9846153846153847,15.67457550636562,False,True,False,0.21,False
10,Christian Watson,WR,3.76,35.7,5900,0.9,12.718952965483389,False,True,False,0.12,False
10,Jalen Coker,WR,6.59,36.8,4600,0.7615384615384615,10.142587770157927,False,True,True,0.03,False
11,Tyler Warren,FLEX,4.26,10.3,4900,0.9764705882352941,10.451841369430548,False,True,False,0.24,False
11,Caleb Williams,QB,5.15,37.26,6300,0.9629629629629629,21.428643204188127,False,True,False,0.26,False
11,Derrick Henry,RB,8.03,38.3,6700,0.9054054054054054,16.49501134085248,False,True,False,0.41,False
11,D'Andre Swift,RB,8.13,35.4,6100,0.8378378378378378,15.45843368515677,False,True,True,0.26,False
11,Dallas Goedert,TE,8.36,23.7,4100,0.9176470588235294,8.791524807169255,False,True,False,0.18,False
11,Amon-Ra St. Brown,WR,16.6,28.7,7500,0.9923076923076923,18.245007176737772,False,True,False,0.47,False
11,Zay Flowers,WR,10.41,29.0,6400,0.9692307692307692,14.405208199792202,False,True,False,0.25,False
11,Jalen Coker,WR,6.59,36.8,4600,0.7615384615384615,10.142587770157927,False,True,False,0.03,False
12,Ashton Jeanty,FLEX,7.22,35.7,6600,0.8648648648648649,16.113552507542693,False,True,False,0.18,False
12,Bryce Young,QB,3.31,35.44,5200,0.7592592592592593,19.031284152785275,False,True,False,0.12,False
12,Jahmyr Gibbs,RB,38.58,37.6,8000,1.0,21.526515056209313,False,True,False,0.47,False
12,D'Andre Swift,RB,8.13,35.4,6100,0.8378378378378378,15.45843368515677,False,True,False,0.26,False
12,Juwan Johnson,TE,11.2,14.4,3700,0.9411764705882353,9.21520486133852,False,True,False,0.15,False
12,Justin Jefferson,WR,10.9,31.2,7300,0.9615384615384616,14.355825713336419,False,True,False,0.36,False
12,Zay Flowers,WR,10.41,29.0,6400,0.9692307692307692,14.405208199792202,False,True,False,0.25,False
12,Jalen Coker,WR,6.59,36.8,4600,0.7615384615384615,10.142587770157927,False,True,True,0.03,False
13,Justin Jefferson,FLEX,10.9,31.2,7300,0.9615384615384616,14.355825713336419,False,True,False,0.36,False
13,Bryce Young,QB,3.31,35.44,5200,0.7592592592592593,19.031284152785275,False,True,False,0.12,False
13,Jahmyr Gibbs,RB,38.58,37.6,8000,1.0,21.526515056209313,False,True,False,0.47,False
13,D'Andre Swift,RB,8.13,35.4,6100,0.8378378378378378,15.45843368515677,False,True,False,0.26,False
13,Mike Gesicki,TE,0.85,18.8,3100,0.7764705882352941,6.24247957362942,False,True,False,0.12,False
13,Chris Olave,WR,23.65,31.2,6700,0.9846153846153847,15.67457550636562,False,True,False,0.21,False
13,Michael Wilson,WR,3.73,10.6,5300,0.7461538461538462,9.774139266192261,False,True,False,0.12,False
13,Jalen Coker,WR,6.59,36.8,4600,0.7615384615384615,10.142587770157927,False,True,True,0.03,False
14,Dallas Goedert,FLEX,8.36,23.7,4100,0.9176470588235294,8.791524807169255,False,True,False,0.18,False
14,Tyler Shough,QB,8.88,29.2,5600,0.8333333333333334,19.84882306580669,False,True,False,0.0,True
14,Jahmyr Gibbs,RB,38.58,37.6,8000,1.0,21.526515056209313,False,True,False,0.47,False
14,D'Andre Swift,RB,8.13,35.4,6100,0.8378378378378378,15.45843368515677,False,True,False,0.26,False
14,Juwan Johnson,TE,11.2,14.4,3700,0.9411764705882353,9.21520486133852,False,True,True,0.15,False
14,Amon-Ra St. Brown,WR,16.6,28.7,7500,0.9923076923076923,18.245007176737772,False,True,False,0.47,False
14,Chris Olave,WR,23.65,31.2,6700,0.9846153846153847,15.67457550636562,False,True,True,0.21,False
14,Jalen Coker,WR,6.59,36.8,4600,0.7615384615384615,10.142587770157927,False,True,False,0.03,False
14,Dallas Goedert,FLEX,8.36,23.7,4100,0.9176470588235294,8.791524807169255,False,True,False,0.18,False
14,Tyler Shough,QB,8.88,29.2,5600,0.8333333333333334,19.84882306580669,False,True,False,0.0,True
14,Jahmyr Gibbs,RB,38.58,37.6,8000,1.0,21.526515056209313,False,True,False,0.47,False
14,D'Andre Swift,RB,8.13,35.4,6100,0.8378378378378378,15.45843368515677,False,True,False,0.26,False
14,Juwan Johnson,TE,11.2,14.4,3700,0.9411764705882353,9.21520486133852,False,True,True,0.15,False
14,Amon-Ra St. Brown,WR,16.6,28.7,7500,0.9923076923076923,18.245007176737772,False,True,False,0.47,False
14,Chris Olave,WR,23.65,31.2,6700,0.9846153846153847,15.67457550636562,False,True,True,0.21,False
14,Jalen Coker,WR,6.59,36.8,4600,0.7615384615384615,10.142587770157927,False,True,False,0.03,False
14,Jahmyr Gibbs,FLEX,38.58,37.6,8000,1.0,21.526515056209313,False,True,False,0.47,False
14,Tyler Shough,QB,8.88,29.2,5600,0.8333333333333334,19.84882306580669,False,True,False,0.0,True
14,D'Andre Swift,RB,8.13,35.4,6100,0.8378378378378378,15.45843368515677,False,True,False,0.26,False
14,David Montgomery,RB,4.82,28.9,6000,0.8108108108108109,13.567702567178092,False,True,False,0.12,False
14,Dallas Goedert,TE,8.36,23.7,4100,0.9176470588235294,8.791524807169255,False,True,False,0.18,False
14,Chris Olave,WR,23.65,31.2,6700,0.9846153846153847,15.67457550636562,False,True,True,0.21,False
14,Ladd McConkey,WR,12.98,19.2,5900,0.9461538461538461,14.127287421770994,False,True,False,0.21,False
14,Jalen Coker,WR,6.59,36.8,4600,0.7615384615384615,10.142587770157927,False,True,False,0.03,False
17,Justin Jefferson,FLEX,10.9,31.2,7300,0.9615384615384616,14.355825713336419,False,True,False,0.36,False
17,Lamar Jackson,QB,6.08,28.96,6800,0.9444444444444444,21.218701127187526,False,True,False,0.38,False
17,Ashton Jeanty,RB,7.22,35.7,6600,0.8648648648648649,16.113552507542693,False,True,False,0.18,False
17,D'Andre Swift,RB,8.13,35.4,6100,0.8378378378378378,15.45843368515677,False,True,False,0.26,False
17,Dallas Goedert,TE,8.36,23.7,4100,0.9176470588235294,8.791524807169255,False,True,False,0.18,False
17,Zay Flowers,WR,10.41,29.0,6400,0.9692307692307692,14.405208199792202,False,True,True,0.25,False
17,DJ Moore,WR,4.01,24.0,5600,0.8769230769230769,11.762126391292894,False,True,False,0.24,False
17,Jalen Coker,WR,6.59,36.8,4600,0.7615384615384615,10.142587770157927,False,True,False,0.03,False
18,Zay Flowers,FLEX,10.41,29.0,6400,0.9692307692307692,14.405208199792202,False,True,False,0.25,False
18,Bryce Young,QB,3.31,35.44,5200,0.7592592592592593,19.031284152785275,False,True,False,0.12,False
18,Jahmyr Gibbs,RB,38.58,37.6,8000,1.0,21.526515056209313,False,True,False,0.47,False
18,Jordan Mason,RB,0.78,11.9,5400,0.6216216216216216,8.196494857288108,False,True,False,,
18,Dallas Goedert,TE,8.36,23.7,4100,0.9176470588235294,8.791524807169255,False,True,False,0.18,False
18,Justin Jefferson,WR,10.9,31.2,7300,0.9615384615384616,14.355825713336419,False,True,False,0.36,False
18,Christian Watson,WR,3.76,35.7,5900,0.9,12.718952965483389,False,True,False,0.12,False
18,Jalen Coker,WR,6.59,36.8,4600,0.7615384615384615,10.142587770157927,False,True,True,0.03,False
19,D'Andre Swift,FLEX,8.13,35.4,6100,0.8378378378378378,15.45843368515677,False,True,True,0.26,False
19,Caleb Williams,QB,5.15,37.26,6300,0.9629629629629629,21.428643204188127,False,True,False,0.26,False
19,Jahmyr Gibbs,RB,38.58,37.6,8000,1.0,21.526515056209313,False,True,False,0.47,False
19,Derrick Henry,RB,8.03,38.3,6700,0.9054054054054054,16.49501134085248,False,True,False,0.41,False
19,Tyler Warren,TE,4.26,10.3,4900,0.9764705882352941,10.451841369430548,False,True,False,0.24,False
19,Christian Watson,WR,3.76,35.7,5900,0.9,12.718952965483389,False,True,False,0.12,False
19,Jalen Coker,WR,6.59,36.8,4600,0.7615384615384615,10.142587770157927,False,True,False,0.03,False
19,Tre Tucker,WR,8.51,4.7,4000,0.7846153846153846,10.347431079755312,False,True,False,0.06,False
20,Justin Jefferson,FLEX,10.9,31.2,7300,0.9615384615384616,14.355825713336419,False,True,False,0.36,False
20,Bryce Young,QB,3.31,35.44,5200,0.7592592592592593,19.031284152785275,False,True,False,0.12,False
20,Jahmyr Gibbs,RB,38.58,37.6,8000,1.0,21.526515056209313,False,True,False,0.47,False
20,D'Andre Swift,RB,8.13,35.4,6100,0.8378378378378378,15.45843368515677,False,True,False,0.26,False
20,Michael Mayer,TE,20.8,9.2,2900,0.8352941176470589,7.7502018889448046,False,True,False,0.06,False
20,Chris Olave,WR,23.65,31.2,6700,0.9846153846153847,15.67457550636562,False,True,False,0.21,False
20,Zay Flowers,WR,10.41,29.0,6400,0.9692307692307692,14.405208199792202,False,True,False,0.25,False
20,Jalen Coker,WR,6.59,36.8,4600,0.7615384615384615,10.142587770157927,False,True,True,0.03,False
20,Dallas Goedert,FLEX,8.36,23.7,4100,0.9176470588235294,8.791524807169255,False,True,False,0.18,False
20,Bryce Young,QB,3.31,35.44,5200,0.7592592592592593,19.031284152785275,False,True,False,0.12,False
20,Jahmyr Gibbs,RB,38.58,37.6,8000,1.0,21.526515056209313,False,True,False,0.47,False
20,Derrick Henry,RB,8.03,38.3,6700,0.9054054054054054,16.49501134085248,False,True,False,0.41,False
20,Harold Fannin Jr.,TE,3.64,4.1,4200,0.8823529411764706,8.193714803211604,False,True,False,0.24,False
20,Amon-Ra St. Brown,WR,16.6,28.7,7500,0.9923076923076923,18.245007176737772,False,True,False,0.47,False
20,Chris Olave,WR,23.65,31.2,6700,0.9846153846153847,15.67457550636562,False,True,False,0.21,False
20,Jalen Coker,WR,6.59,36.8,4600,0.7615384615384615,10.142587770157927,False,True,True,0.03,False
22,Derrick Henry,FLEX,8.03,38.3,6700,0.9054054054054054,16.49501134085248,False,True,False,0.41,False
22,Bryce Young,QB,3.31,35.44,5200,0.7592592592592593,19.031284152785275,False,True,False,0.12,False
22,Jahmyr Gibbs,RB,38.58,37.6,8000,1.0,21.526515056209313,False,True,False,0.47,False
22,Bijan Robinson,RB,12.88,31.3,7700,0.972972972972973,17.78990290735156,False,True,False,0.59,False
22,Michael Mayer,TE,20.8,9.2,2900,0.8352941176470589,7.7502018889448046,False,True,False,0.06,False
22,Chris Olave,WR,23.65,31.2,6700,0.9846153846153847,15.67457550636562,False,True,False,0.21,False
22,DJ Moore,WR,4.01,24.0,5600,0.8769230769230769,11.762126391292894,False,True,False,0.24,False
22,Jalen Coker,WR,6.59,36.8,4600,0.7615384615384615,10.142587770157927,False,True,True,0.03,False
22,Derrick Henry,FLEX,8.03,38.3,6700,0.9054054054054054,16.49501134085248,False,True,False,0.41,False
22,Bryce Young,QB,3.31,35.44,5200,0.7592592592592593,19.031284152785275,False,True,False,0.12,False
22,Jahmyr Gibbs,RB,38.58,37.6,8000,1.0,21.526515056209313,False,True,False,0.47,False
22,Bijan Robinson,RB,12.88,31.3,7700,0.972972972972973,17.78990290735156,False,True,False,0.59,False
22,Michael Mayer,TE,20.8,9.2,2900,0.8352941176470589,7.7502018889448046,False,True,False,0.06,False
22,Chris Olave,WR,23.65,31.2,6700,0.9846153846153847,15.67457550636562,False,True,False,0.21,False
22,DJ Moore,WR,4.01,24.0,5600,0.8769230769230769,11.762126391292894,False,True,False,0.24,False
22,Jalen Coker,WR,6.59,36.8,4600,0.7615384615384615,10.142587770157927,False,True,True,0.03,False
24,Christian Watson,FLEX,3.76,35.7,5900,0.9,12.718952965483389,False,True,False,0.12,False
24,Bryce Young,QB,3.31,35.44,5200,0.7592592592592593,19.031284152785275,False,True,False,0.12,False
24,Jahmyr Gibbs,RB,38.58,37.6,8000,1.0,21.526515056209313,False,True,False,0.47,False
24,Derrick Henry,RB,8.03,38.3,6700,0.9054054054054054,16.49501134085248,False,True,False,0.41,False
24,Michael Mayer,TE,20.8,9.2,2900,0.8352941176470589,7.7502018889448046,False,True,False,0.06,False
24,Justin Jefferson,WR,10.9,31.2,7300,0.9615384615384616,14.355825713336419,False,True,False,0.36,False
24,Luther Burden III,WR,9.24,10.5,5500,0.8615384615384616,11.66068560374206,False,True,False,0.12,False
24,Jalen Coker,WR,6.59,36.8,4600,0.7615384615384615,10.142587770157927,False,True,True,0.03,False
25,Christian Watson,FLEX,3.76,35.7,5900,0.9,12.718952965483389,False,True,False,0.12,False
25,Tyler Shough,QB,8.88,29.2,5600,0.8333333333333334,19.84882306580669,False,True,False,0.0,True
25,Jahmyr Gibbs,RB,38.58,37.6,8000,1.0,21.526515056209313,False,True,False,0.47,False
25,Bucky Irving,RB,10.82,21.3,5700,0.8243243243243243,15.064533213343484,False,True,False,0.12,False
25,Dallas Goedert,TE,8.36,23.7,4100,0.9176470588235294,8.791524807169255,False,True,False,0.18,False
25,Chris Olave,WR,23.65,31.2,6700,0.9846153846153847,15.67457550636562,False,True,True,0.21,False
25,Ladd McConkey,WR,12.98,19.2,5900,0.9461538461538461,14.127287421770994,False,True,False,0.21,False
25,Jalen Coker,WR,6.59,36.8,4600,0.7615384615384615,10.142587770157927,False,True,False,0.03,False
26,D'Andre Swift,FLEX,8.13,35.4,6100,0.8378378378378378,15.45843368515677,False,True,False,0.26,False
26,Tyler Shough,QB,8.88,29.2,5600,0.8333333333333334,19.84882306580669,False,True,False,0.0,True
26,Jahmyr Gibbs,RB,38.58,37.6,8000,1.0,21.526515056209313,False,True,False,0.47,False
26,Ashton Jeanty,RB,7.22,35.7,6600,0.8648648648648649,16.113552507542693,False,True,False,0.18,False
26,Juwan Johnson,TE,11.2,14.4,3700,0.9411764705882353,9.21520486133852,False,True,True,0.15,False
26,Chris Olave,WR,23.65,31.2,6700,0.9846153846153847,15.67457550636562,False,True,True,0.21,False
26,Parker Washington,WR,7.87,19.3,5600,0.8307692307692308,10.895527922151716,False,True,False,0.09,False
26,Jalen Coker,WR,6.59,36.8,4600,0.7615384615384615,10.142587770157927,False,True,False,0.03,False
27,Christian Watson,FLEX,3.76,35.7,5900,0.9,12.718952965483389,False,True,False,0.12,False
27,Tyler Shough,QB,8.88,29.2,5600,0.8333333333333334,19.84882306580669,False,True,False,0.0,True
27,Jahmyr Gibbs,RB,38.58,37.6,8000,1.0,21.526515056209313,False,True,False,0.47,False
27,D'Andre Swift,RB,8.13,35.4,6100,0.8378378378378378,15.45843368515677,False,True,False,0.26,False
27,Juwan Johnson,TE,11.2,14.4,3700,0.9411764705882353,9.21520486133852,False,True,True,0.15,False
27,Chris Olave,WR,23.65,31.2,6700,0.9846153846153847,15.67457550636562,False,True,True,0.21,False
27,Ladd McConkey,WR,12.98,19.2,5900,0.9461538461538461,14.127287421770994,False,True,False,0.21,False
27,Jalen Coker,WR,6.59,36.8,4600,0.7615384615384615,10.142587770157927,False,True,False,0.03,False
28,D'Andre Swift,FLEX,8.13,35.4,6100,0.8378378378378378,15.45843368515677,False,True,False,0.26,False
28,Bryce Young,QB,3.31,35.44,5200,0.7592592592592593,19.031284152785275,False,True,False,0.12,False
28,Jahmyr Gibbs,RB,38.58,37.6,8000,1.0,21.526515056209313,False,True,False,0.47,False
28,Ashton Jeanty,RB,7.22,35.7,6600,0.8648648648648649,16.113552507542693,False,True,False,0.18,False
28,Dallas Goedert,TE,8.36,23.7,4100,0.9176470588235294,8.791524807169255,False,True,False,0.18,False
28,Chris Olave,WR,23.65,31.2,6700,0.9846153846153847,15.67457550636562,False,True,False,0.21,False
28,Jalen Coker,WR,6.59,36.8,4600,0.7615384615384615,10.142587770157927,False,True,True,0.03,False
28,Stefon Diggs,WR,1.75,15.5,5200,0.7384615384615385,9.690434014306218,False,True,False,0.15,False
29,Dontayvion Wicks,FLEX,1.39,15.3,4100,0.6846153846153846,8.138212084173151,False,True,False,,
29,Tyler Shough,QB,8.88,29.2,5600,0.8333333333333334,19.84882306580669,False,True,False,0.0,True
29,Jahmyr Gibbs,RB,38.58,37.6,8000,1.0,21.526515056209313,False,True,False,0.47,False
29,Derrick Henry,RB,8.03,38.3,6700,0.9054054054054054,16.49501134085248,False,True,False,0.41,False
29,Juwan Johnson,TE,11.2,14.4,3700,0.9411764705882353,9.21520486133852,False,True,True,0.15,False
29,Justin Jefferson,WR,10.9,31.2,7300,0.9615384615384616,14.355825713336419,False,True,False,0.36,False
29,Chris Olave,WR,23.65,31.2,6700,0.9846153846153847,15.67457550636562,False,True,True,0.21,False
29,Jalen Coker,WR,6.59,36.8,4600,0.7615384615384615,10.142587770157927,False,True,False,0.03,False
30,Jahmyr Gibbs,FLEX,38.58,37.6,8000,1.0,21.526515056209313,False,True,False,0.47,False
30,Caleb Williams,QB,5.15,37.26,6300,0.9629629629629629,21.428643204188127,False,True,False,0.26,False
30,Derrick Henry,RB,8.03,38.3,6700,0.9054054054054054,16.49501134085248,False,True,False,0.41,False
30,David Montgomery,RB,4.82,28.9,6000,0.8108108108108109,13.567702567178092,False,True,False,0.12,False
30,Dallas Goedert,TE,8.36,23.7,4100,0.9176470588235294,8.791524807169255,False,True,False,0.18,False
30,Ladd McConkey,WR,12.98,19.2,5900,0.9461538461538461,14.127287421770994,False,True,False,0.21,False
30,DJ Moore,WR,4.01,24.0,5600,0.8769230769230769,11.762126391292894,False,True,False,0.24,False
30,Jalen Coker,WR,6.59,36.8,4600,0.7615384615384615,10.142587770157927,False,True,False,0.03,False
31,D'Andre Swift,FLEX,8.13,35.4,6100,0.8378378378378378,15.45843368515677,False,True,False,0.26,False
31,Bryce Young,QB,3.31,35.44,5200,0.7592592592592593,19.031284152785275,False,True,False,0.12,False
31,Jahmyr Gibbs,RB,38.58,37.6,8000,1.0,21.526515056209313,False,True,False,0.47,False
31,Bijan Robinson,RB,12.88,31.3,7700,0.972972972972973,17.78990290735156,False,True,False,0.59,False
31,Dallas Goedert,TE,8.36,23.7,4100,0.9176470588235294,8.791524807169255,False,True,False,0.18,False
31,Chris Olave,WR,23.65,31.2,6700,0.9846153846153847,15.67457550636562,False,True,False,0.21,False
31,Jalen Coker,WR,6.59,36.8,4600,0.7615384615384615,10.142587770157927,False,True,True,0.03,False
31,Malik Washington,WR,1.68,7.3,4200,0.6923076923076923,8.143750983354341,False,True,False,0.0,True
32,Derrick Henry,FLEX,8.03,38.3,6700,0.9054054054054054,16.49501134085248,False,True,False,0.41,False
32,Tyler Shough,QB,8.88,29.2,5600,0.8333333333333334,19.84882306580669,False,True,False,0.0,True
32,Jahmyr Gibbs,RB,38.58,37.6,8000,1.0,21.526515056209313,False,True,False,0.47,False
32,Bijan Robinson,RB,12.88,31.3,7700,0.972972972972973,17.78990290735156,False,True,False,0.59,False
32,Juwan Johnson,TE,11.2,14.4,3700,0.9411764705882353,9.21520486133852,False,True,True,0.15,False
32,Chris Olave,WR,23.65,31.2,6700,0.9846153846153847,15.67457550636562,False,True,True,0.21,False
32,Jalen Coker,WR,6.59,36.8,4600,0.7615384615384615,10.142587770157927,False,True,False,0.03,False
32,Devaughn Vele,WR,7.88,19.9,3500,0.7153846153846154,8.3826808189502,False,True,True,0.03,False
32,Jalen Coker,FLEX,6.59,36.8,4600,0.7615384615384615,10.142587770157927,False,True,False,0.03,False
32,Tyler Shough,QB,8.88,29.2,5600,0.8333333333333334,19.84882306580669,False,True,False,0.0,True
32,Jahmyr Gibbs,RB,38.58,37.6,8000,1.0,21.526515056209313,False,True,False,0.47,False
32,Bijan Robinson,RB,12.88,31.3,7700,0.972972972972973,17.78990290735156,False,True,False,0.59,False
32,Dallas Goedert,TE,8.36,23.7,4100,0.9176470588235294,8.791524807169255,False,True,False,0.18,False
32,Chris Olave,WR,23.65,31.2,6700,0.9846153846153847,15.67457550636562,False,True,True,0.21,False
32,Zay Flowers,WR,10.41,29.0,6400,0.9692307692307692,14.405208199792202,False,True,False,0.25,False
32,Devaughn Vele,WR,7.88,19.9,3500,0.7153846153846154,8.3826808189502,False,True,True,0.03,False
32,Devaughn Vele,FLEX,7.88,19.9,3500,0.7153846153846154,8.3826808189502,False,True,True,0.03,False
32,Tyler Shough,QB,8.88,29.2,5600,0.8333333333333334,19.84882306580669,False,True,False,0.0,True
32,Jahmyr Gibbs,RB,38.58,37.6,8000,1.0,21.526515056209313,False,True,False,0.47,False
32,Bijan Robinson,RB,12.88,31.3,7700,0.972972972972973,17.78990290735156,False,True,False,0.59,False
32,Dallas Goedert,TE,8.36,23.7,4100,0.9176470588235294,8.791524807169255,False,True,False,0.18,False
32,Chris Olave,WR,23.65,31.2,6700,0.9846153846153847,15.67457550636562,False,True,True,0.21,False
32,Zay Flowers,WR,10.41,29.0,6400,0.9692307692307692,14.405208199792202,False,True,False,0.25,False
32,Jalen Coker,WR,6.59,36.8,4600,0.7615384615384615,10.142587770157927,False,True,False,0.03,False
35,Justin Jefferson,FLEX,10.9,31.2,7300,0.9615384615384616,14.355825713336419,False,True,False,0.36,False
35,Bryce Young,QB,3.31,35.44,5200,0.7592592592592593,19.031284152785275,False,True,False,0.12,False
35,Jahmyr Gibbs,RB,38.58,37.6,8000,1.0,21.526515056209313,False,True,False,0.47,False
35,Derrick Henry,RB,8.03,38.3,6700,0.9054054054054054,16.49501134085248,False,True,False,0.41,False
35,Michael Mayer,TE,20.8,9.2,2900,0.8352941176470589,7.7502018889448046,False,True,False,0.06,False
35,Chris Olave,WR,23.65,31.2,6700,0.9846153846153847,15.67457550636562,False,True,False,0.21,False
35,Garrett Wilson,WR,14.57,13.9,5800,0.9153846153846154,13.153395268782035,False,True,False,0.21,False
35,Jalen Coker,WR,6.59,36.8,4600,0.7615384615384615,10.142587770157927,False,True,True,0.03,False
36,Ashton Jeanty,FLEX,7.22,35.7,6600,0.8648648648648649,16.113552507542693,False,True,False,0.18,False
36,Trevor Lawrence,QB,4.95,26.1,5800,0.8703703703703703,20.344865977633898,False,True,False,0.15,False
36,Jahmyr Gibbs,RB,38.58,37.6,8000,1.0,21.526515056209313,False,True,False,0.47,False
36,Derrick Henry,RB,8.03,38.3,6700,0.9054054054054054,16.49501134085248,False,True,False,0.41,False
36,Gunnar Helm,TE,0.72,6.8,3200,0.7529411764705882,6.01222068916335,False,True,False,0.0,True
36,Chris Olave,WR,23.65,31.2,6700,0.9846153846153847,15.67457550636562,False,True,False,0.21,False
36,Zay Flowers,WR,10.41,29.0,6400,0.9692307692307692,14.405208199792202,False,True,False,0.25,False
36,Jalen Coker,WR,6.59,36.8,4600,0.7615384615384615,10.142587770157927,False,True,False,0.03,False
37,Justin Jefferson,FLEX,10.9,31.2,7300,0.9615384615384616,14.355825713336419,False,True,False,0.36,False
37,Jalen Hurts,QB,6.57,24.72,6600,1.0,21.589054035884484,False,True,False,0.24,False
37,Jahmyr Gibbs,RB,38.58,37.6,8000,1.0,21.526515056209313,False,True,False,0.47,False
37,D'Andre Swift,RB,8.13,35.4,6100,0.8378378378378378,15.45843368515677,False,True,False,0.26,False
37,Dallas Goedert,TE,8.36,23.7,4100,0.9176470588235294,8.791524807169255,False,True,True,0.18,False
37,Zay Flowers,WR,10.41,29.0,6400,0.9692307692307692,14.405208199792202,False,True,False,0.25,False
37,Jalen Coker,WR,6.59,36.8,4600,0.7615384615384615,10.142587770157927,False,True,False,0.03,False
37,Devaughn Vele,WR,7.88,19.9,3500,0.7153846153846154,8.3826808189502,False,True,False,0.03,False
38,Derrick Henry,FLEX,8.03,38.3,6700,0.9054054054054054,16.49501134085248,False,True,False,0.41,False
38,Tyler Shough,QB,8.88,29.2,5600,0.8333333333333334,19.84882306580669,False,True,False,0.0,True
38,Jahmyr Gibbs,RB,38.58,37.6,8000,1.0,21.526515056209313,False,True,False,0.47,False
38,Bijan Robinson,RB,12.88,31.3,7700,0.972972972972973,17.78990290735156,False,True,False,0.59,False
38,Mark Andrews,TE,5.03,8.9,3900,0.8941176470588236,8.544951091172932,False,True,False,0.28,False
38,Chris Olave,WR,23.65,31.2,6700,0.9846153846153847,15.67457550636562,False,True,True,0.21,False
38,Jalen Coker,WR,6.59,36.8,4600,0.7615384615384615,10.142587770157927,False,True,False,0.03,False
38,Devaughn Vele,WR,7.88,19.9,3500,0.7153846153846154,8.3826808189502,False,True,True,0.03,False
39,Dallas Goedert,FLEX,8.36,23.7,4100,0.9176470588235294,8.791524807169255,False,True,False,0.18,False
39,Josh Allen,QB,3.05,38.66,7000,0.8518518518518519,20.030034069033793,False,True,False,0.29,False
39,Jahmyr Gibbs,RB,38.58,37.6,8000,1.0,21.526515056209313,False,True,False,0.47,False
39,Bijan Robinson,RB,12.88,31.3,7700,0.972972972972973,17.78990290735156,False,True,False,0.59,False
39,Mike Gesicki,TE,0.85,18.8,3100,0.7764705882352941,6.24247957362942,False,True,False,0.12,False
39,Justin Jefferson,WR,10.9,31.2,7300,0.9615384615384616,14.355825713336419,False,True,False,0.36,False
39,DJ Moore,WR,4.01,24.0,5600,0.8769230769230769,11.762126391292894,False,True,True,0.24,False
39,Jalen Coker,WR,6.59,36.8,4600,0.7615384615384615,10.142587770157927,False,True,False,0.03,False
40,Chris Olave,FLEX,23.65,31.2,6700,0.9846153846153847,15.67457550636562,False,True,False,0.21,False
40,Bryce Young,QB,3.31,35.44,5200,0.7592592592592593,19.031284152785275,False,True,False,0.12,False
40,Jahmyr Gibbs,RB,38.58,37.6,8000,1.0,21.526515056209313,False,True,False,0.47,False
40,D'Andre Swift,RB,8.13,35.4,6100,0.8378378378378378,15.45843368515677,False,True,False,0.26,False
40,Dallas Goedert,TE,8.36,23.7,4100,0.9176470588235294,8.791524807169255,False,True,False,0.18,False
40,Justin Jefferson,WR,10.9,31.2,7300,0.9615384615384616,14.355825713336419,False,True,False,0.36,False
40,Luther Burden III,WR,9.24,10.5,5500,0.8615384615384616,11.66068560374206,False,True,False,0.12,False
40,Jalen Coker,WR,6.59,36.8,4600,0.7615384615384615,10.142587770157927,False,True,True,0.03,False
41,Jalen Coker,FLEX,6.59,36.8,4600,0.7615384615384615,10.142587770157927,False,True,False,0.03,False
41,Josh Allen,QB,3.05,38.66,7000,0.8518518518518519,20.030034069033793,False,True,False,0.29,False
41,Derrick Henry,RB,8.03,38.3,6700,0.9054054054054054,16.49501134085248,False,True,False,0.41,False
41,D'Andre Swift,RB,8.13,35.4,6100,0.8378378378378378,15.45843368515677,False,True,False,0.26,False
41,Dalton Kincaid,TE,1.6,21.0,4600,0.9058823529411765,8.686046772300084,False,True,True,0.09,False
41,Chris Olave,WR,23.65,31.2,6700,0.9846153846153847,15.67457550636562,False,True,False,0.21,False
41,DJ Moore,WR,4.01,24.0,5600,0.8769230769230769,11.762126391292894,False,True,True,0.24,False
41,Parker Washington,WR,7.87,19.3,5600,0.8307692307692308,10.895527922151716,False,True,False,0.09,False
42,Jahmyr Gibbs,FLEX,38.58,37.6,8000,1.0,21.526515056209313,False,True,False,0.47,False
42,Malik Willis,QB,4.72,17.7,5300,0.7222222222222222,17.91512241725665,False,True,False,0.06,False
42,Ashton Jeanty,RB,7.22,35.7,6600,0.8648648648648649,16.113552507542693,False,True,False,0.18,False
42,D'Andre Swift,RB,8.13,35.4,6100,0.8378378378378378,15.45843368515677,False,True,False,0.26,False
42,Michael Mayer,TE,20.8,9.2,2900,0.8352941176470589,7.7502018889448046,False,True,False,0.06,False
42,Chris Olave,WR,23.65,31.2,6700,0.9846153846153847,15.67457550636562,False,True,False,0.21,False
42,Zay Flowers,WR,10.41,29.0,6400,0.9692307692307692,14.405208199792202,False,True,False,0.25,False
42,Jalen Coker,WR,6.59,36.8,4600,0.7615384615384615,10.142587770157927,False,True,False,0.03,False
43,Ashton Jeanty,FLEX,7.22,35.7,6600,0.8648648648648649,16.113552507542693,False,True,False,0.18,False
43,Bryce Young,QB,3.31,35.44,5200,0.7592592592592593,19.031284152785275,False,True,False,0.12,False
43,Jahmyr Gibbs,RB,38.58,37.6,8000,1.0,21.526515056209313,False,True,False,0.47,False
43,Derrick Henry,RB,8.03,38.3,6700,0.9054054054054054,16.49501134085248,False,True,False,0.41,False
43,Michael Mayer,TE,20.8,9.2,2900,0.8352941176470589,7.7502018889448046,False,True,False,0.06,False
43,Chris Olave,WR,23.65,31.2,6700,0.9846153846153847,15.67457550636562,False,True,False,0.21,False
43,DeVonta Smith,WR,10.06,8.3,6600,0.9384615384615385,13.90450656897383,False,True,False,0.21,False
43,Jalen Coker,WR,6.59,36.8,4600,0.7615384615384615,10.142587770157927,False,True,True,0.03,False
44,Michael Wilson,FLEX,3.73,10.6,5300,0.7461538461538462,9.774139266192261,False,True,False,0.12,False
44,Bryce Young,QB,3.31,35.44,5200,0.7592592592592593,19.031284152785275,False,True,False,0.12,False
44,Jahmyr Gibbs,RB,38.58,37.6,8000,1.0,21.526515056209313,False,True,False,0.47,False
44,Bijan Robinson,RB,12.88,31.3,7700,0.972972972972973,17.78990290735156,False,True,False,0.59,False
44,Mike Gesicki,TE,0.85,18.8,3100,0.7764705882352941,6.24247957362942,False,True,False,0.12,False
44,Chris Olave,WR,23.65,31.2,6700,0.9846153846153847,15.67457550636562,False,True,False,0.21,False
44,Christian Watson,WR,3.76,35.7,5900,0.9,12.718952965483389,False,True,False,0.12,False
44,Jalen Coker,WR,6.59,36.8,4600,0.7615384615384615,10.142587770157927,False,True,True,0.03,False
45,Ashton Jeanty,FLEX,7.22,35.7,6600,0.8648648648648649,16.113552507542693,False,True,False,0.18,False
45,Bryce Young,QB,3.31,35.44,5200,0.7592592592592593,19.031284152785275,False,True,False,0.12,False
45,Jahmyr Gibbs,RB,38.58,37.6,8000,1.0,21.526515056209313,False,True,False,0.47,False
45,D'Andre Swift,RB,8.13,35.4,6100,0.8378378378378378,15.45843368515677,False,True,False,0.26,False
45,Harold Fannin Jr.,TE,3.64,4.1,4200,0.8823529411764706,8.193714803211604,False,True,False,0.24,False
45,Tetairoa McMillan,WR,11.64,11.5,6100,0.9307692307692308,13.806004254318932,False,True,True,0.06,False
45,Christian Watson,WR,3.76,35.7,5900,0.9,12.718952965483389,False,True,False,0.12,False
45,Jalen Coker,WR,6.59,36.8,4600,0.7615384615384615,10.142587770157927,False,True,True,0.03,False
46,Jahmyr Gibbs,FLEX,38.58,37.6,8000,1.0,21.526515056209313,False,True,False,0.47,False
46,Tyler Shough,QB,8.88,29.2,5600,0.8333333333333334,19.84882306580669,False,True,False,0.0,True
46,Bijan Robinson,RB,12.88,31.3,7700,0.972972972972973,17.78990290735156,False,True,False,0.59,False
46,D'Andre Swift,RB,8.13,35.4,6100,0.8378378378378378,15.45843368515677,False,True,False,0.26,False
46,Dalton Kincaid,TE,1.6,21.0,4600,0.9058823529411765,8.686046772300084,False,True,False,0.09,False
46,Chris Olave,WR,23.65,31.2,6700,0.9846153846153847,15.67457550636562,False,True,True,0.21,False
46,Jalen Coker,WR,6.59,36.8,4600,0.7615384615384615,10.142587770157927,False,True,False,0.03,False
46,Caleb Douglas,WR,1.97,14.4,3000,0.5692307692307692,5.922028127491897,False,True,False,,False
47,Jahmyr Gibbs,FLEX,38.58,37.6,8000,1.0,21.526515056209313,False,True,False,0.47,False
47,Tyler Shough,QB,8.88,29.2,5600,0.8333333333333334,19.84882306580669,False,True,False,0.0,True
47,Bijan Robinson,RB,12.88,31.3,7700,0.972972972972973,17.78990290735156,False,True,False,0.59,False
47,D'Andre Swift,RB,8.13,35.4,6100,0.8378378378378378,15.45843368515677,False,True,False,0.26,False
47,Michael Mayer,TE,20.8,9.2,2900,0.8352941176470589,7.7502018889448046,False,True,False,0.06,False
47,Chris Olave,WR,23.65,31.2,6700,0.9846153846153847,15.67457550636562,False,True,True,0.21,False
47,Zay Flowers,WR,10.41,29.0,6400,0.9692307692307692,14.405208199792202,False,True,False,0.25,False
47,Jalen Coker,WR,6.59,36.8,4600,0.7615384615384615,10.142587770157927,False,True,False,0.03,False
48,Ashton Jeanty,FLEX,7.22,35.7,6600,0.8648648648648649,16.113552507542693,False,True,False,0.18,False
48,Caleb Williams,QB,5.15,37.26,6300,0.9629629629629629,21.428643204188127,False,True,False,0.26,False
48,Jahmyr Gibbs,RB,38.58,37.6,8000,1.0,21.526515056209313,False,True,False,0.47,False
48,Jonathan Taylor,RB,11.47,26.1,7300,0.9864864864864865,18.158525872253907,False,True,False,0.35,False
48,Michael Mayer,TE,20.8,9.2,2900,0.8352941176470589,7.7502018889448046,False,True,False,0.06,False
48,Amon-Ra St. Brown,WR,16.6,28.7,7500,0.9923076923076923,18.245007176737772,False,True,False,0.47,False
48,Jalen Coker,WR,6.59,36.8,4600,0.7615384615384615,10.142587770157927,False,True,False,0.03,False
48,Devaughn Vele,WR,7.88,19.9,3500,0.7153846153846154,8.3826808189502,False,True,False,0.03,False
49,Jalen Coker,FLEX,6.59,36.8,4600,0.7615384615384615,10.142587770157927,False,True,False,0.03,False
49,Tyler Shough,QB,8.88,29.2,5600,0.8333333333333334,19.84882306580669,False,True,False,0.0,True
49,Jahmyr Gibbs,RB,38.58,37.6,8000,1.0,21.526515056209313,False,True,False,0.47,False
49,Derrick Henry,RB,8.03,38.3,6700,0.9054054054054054,16.49501134085248,False,True,False,0.41,False
49,Juwan Johnson,TE,11.2,14.4,3700,0.9411764705882353,9.21520486133852,False,True,True,0.15,False
49,Amon-Ra St. Brown,WR,16.6,28.7,7500,0.9923076923076923,18.245007176737772,False,True,False,0.47,False
49,Chris Olave,WR,23.65,31.2,6700,0.9846153846153847,15.67457550636562,False,True,True,0.21,False
49,Devaughn Vele,WR,7.88,19.9,3500,0.7153846153846154,8.3826808189502,False,True,True,0.03,False
50,Ashton Jeanty,FLEX,7.22,35.7,6600,0.8648648648648649,16.113552507542693,False,True,False,0.18,False
50,Bryce Young,QB,3.31,35.44,5200,0.7592592592592593,19.031284152785275,False,True,False,0.12,False
50,Jahmyr Gibbs,RB,38.58,37.6,8000,1.0,21.526515056209313,False,True,False,0.47,False
50,Derrick Henry,RB,8.03,38.3,6700,0.9054054054054054,16.49501134085248,False,True,False,0.41,False
50,Michael Mayer,TE,20.8,9.2,2900,0.8352941176470589,7.7502018889448046,False,True,False,0.06,False
50,Amon-Ra St. Brown,WR,16.6,28.7,7500,0.9923076923076923,18.245007176737772,False,True,False,0.47,False
50,Chris Olave,WR,23.65,31.2,6700,0.9846153846153847,15.67457550636562,False,True,False,0.21,False
50,Devaughn Vele,WR,7.88,19.9,3500,0.7153846153846154,8.3826808189502,False,True,False,0.03,False
51,Devaughn Vele,FLEX,7.88,19.9,3500,0.7153846153846154,8.3826808189502,False,True,False,0.03,False
51,Lamar Jackson,QB,6.08,28.96,6800,0.9444444444444444,21.218701127187526,False,True,False,0.38,False
51,Jahmyr Gibbs,RB,38.58,37.6,8000,1.0,21.526515056209313,False,True,False,0.47,False
51,D'Andre Swift,RB,8.13,35.4,6100,0.8378378378378378,15.45843368515677,False,True,False,0.26,False
51,Juwan Johnson,TE,11.2,14.4,3700,0.9411764705882353,9.21520486133852,False,True,False,0.15,False
51,Amon-Ra St. Brown,WR,16.6,28.7,7500,0.9923076923076923,18.245007176737772,False,True,False,0.47,False
51,Zay Flowers,WR,10.41,29.0,6400,0.9692307692307692,14.405208199792202,False,True,True,0.25,False
51,Jalen Coker,WR,6.59,36.8,4600,0.7615384615384615,10.142587770157927,False,True,False,0.03,False
52,Jahmyr Gibbs,FLEX,38.58,37.6,8000,1.0,21.526515056209313,False,True,False,0.47,False
52,Bryce Young,QB,3.31,35.44,5200,0.7592592592592593,19.031284152785275,False,True,False,0.12,False
52,Derrick Henry,RB,8.03,38.3,6700,0.9054054054054054,16.49501134085248,False,True,False,0.41,False
52,Breece Hall,RB,5.78,22.8,6200,0.8513513513513513,15.578113875954916,False,True,False,0.21,False
52,Sam LaPorta,TE,5.82,9.8,4400,0.9529411764705882,9.609505076795845,False,True,False,0.25,False
52,Christian Watson,WR,3.76,35.7,5900,0.9,12.718952965483389,False,True,False,0.12,False
52,Parker Washington,WR,7.87,19.3,5600,0.8307692307692308,10.895527922151716,False,True,False,0.09,False
52,Jalen Coker,WR,6.59,36.8,4600,0.7615384615384615,10.142587770157927,False,True,True,0.03,False
53,Derrick Henry,FLEX,8.03,38.3,6700,0.9054054054054054,16.49501134085248,False,True,False,0.41,False
53,Bryce Young,QB,3.31,35.44,5200,0.7592592592592593,19.031284152785275,False,True,False,0.12,False
53,Jahmyr Gibbs,RB,38.58,37.6,8000,1.0,21.526515056209313,False,True,False,0.47,False
53,D'Andre Swift,RB,8.13,35.4,6100,0.8378378378378378,15.45843368515677,False,True,False,0.26,False
53,Michael Mayer,TE,20.8,9.2,2900,0.8352941176470589,7.7502018889448046,False,True,False,0.06,False
53,Chris Olave,WR,23.65,31.2,6700,0.9846153846153847,15.67457550636562,False,True,False,0.21,False
53,Tetairoa McMillan,WR,11.64,11.5,6100,0.9307692307692308,13.806004254318932,False,True,True,0.06,False
53,Jalen Coker,WR,6.59,36.8,4600,0.7615384615384615,10.142587770157927,False,True,True,0.03,False
53,Jahmyr Gibbs,FLEX,38.58,37.6,8000,1.0,21.526515056209313,False,True,False,0.47,False
53,Bryce Young,QB,3.31,35.44,5200,0.7592592592592593,19.031284152785275,False,True,False,0.12,False
53,Derrick Henry,RB,8.03,38.3,6700,0.9054054054054054,16.49501134085248,False,True,False,0.41,False
53,D'Andre Swift,RB,8.13,35.4,6100,0.8378378378378378,15.45843368515677,False,True,False,0.26,False
53,Michael Mayer,TE,20.8,9.2,2900,0.8352941176470589,7.7502018889448046,False,True,False,0.06,False
53,Chris Olave,WR,23.65,31.2,6700,0.9846153846153847,15.67457550636562,False,True,False,0.21,False
53,Tetairoa McMillan,WR,11.64,11.5,6100,0.9307692307692308,13.806004254318932,False,True,True,0.06,False
53,Jalen Coker,WR,6.59,36.8,4600,0.7615384615384615,10.142587770157927,False,True,True,0.03,False
53,D'Andre Swift,FLEX,8.13,35.4,6100,0.8378378378378378,15.45843368515677,False,True,False,0.26,False
53,Bryce Young,QB,3.31,35.44,5200,0.7592592592592593,19.031284152785275,False,True,False,0.12,False
53,Jahmyr Gibbs,RB,38.58,37.6,8000,1.0,21.526515056209313,False,True,False,0.47,False
53,Derrick Henry,RB,8.03,38.3,6700,0.9054054054054054,16.49501134085248,False,True,False,0.41,False
53,Michael Mayer,TE,20.8,9.2,2900,0.8352941176470589,7.7502018889448046,False,True,False,0.06,False
53,Chris Olave,WR,23.65,31.2,6700,0.9846153846153847,15.67457550636562,False,True,False,0.21,False
53,Tetairoa McMillan,WR,11.64,11.5,6100,0.9307692307692308,13.806004254318932,False,True,True,0.06,False
53,Jalen Coker,WR,6.59,36.8,4600,0.7615384615384615,10.142587770157927,False,True,True,0.03,False
56,Justin Jefferson,FLEX,10.9,31.2,7300,0.9615384615384616,14.355825713336419,False,True,False,0.36,False
56,Bryce Young,QB,3.31,35.44,5200,0.7592592592592593,19.031284152785275,False,True,False,0.12,False
56,Jahmyr Gibbs,RB,38.58,37.6,8000,1.0,21.526515056209313,False,True,False,0.47,False
56,David Montgomery,RB,4.82,28.9,6000,0.8108108108108109,13.567702567178092,False,True,False,0.12,False
56,Dallas Goedert,TE,8.36,23.7,4100,0.9176470588235294,8.791524807169255,False,True,False,0.18,False
56,Chris Olave,WR,23.65,31.2,6700,0.9846153846153847,15.67457550636562,False,True,False,0.21,False
56,Jalen Coker,WR,6.59,36.8,4600,0.7615384615384615,10.142587770157927,False,True,True,0.03,False
56,Stefon Diggs,WR,1.75,15.5,5200,0.7384615384615385,9.690434014306218,False,True,False,0.15,False
57,Devaughn Vele,FLEX,7.88,19.9,3500,0.7153846153846154,8.3826808189502,False,True,True,0.03,False
57,Tyler Shough,QB,8.88,29.2,5600,0.8333333333333334,19.84882306580669,False,True,False,0.0,True
57,Ashton Jeanty,RB,7.22,35.7,6600,0.8648648648648649,16.113552507542693,False,True,False,0.18,False
57,D'Andre Swift,RB,8.13,35.4,6100,0.8378378378378378,15.45843368515677,False,True,False,0.26,False
57,Juwan Johnson,TE,11.2,14.4,3700,0.9411764705882353,9.21520486133852,False,True,True,0.15,False
57,Amon-Ra St. Brown,WR,16.6,28.7,7500,0.9923076923076923,18.245007176737772,False,True,False,0.47,False
57,Justin Jefferson,WR,10.9,31.2,7300,0.9615384615384616,14.355825713336419,False,True,False,0.36,False
57,Christian Watson,WR,3.76,35.7,5900,0.9,12.718952965483389,False,True,False,0.12,False
58,David Montgomery,FLEX,4.82,28.9,6000,0.8108108108108109,13.567702567178092,False,True,False,0.12,False
58,Trevor Lawrence,QB,4.95,26.1,5800,0.8703703703703703,20.344865977633898,False,True,False,0.15,False
58,Jahmyr Gibbs,RB,38.58,37.6,8000,1.0,21.526515056209313,False,True,False,0.47,False
58,Derrick Henry,RB,8.03,38.3,6700,0.9054054054054054,16.49501134085248,False,True,False,0.41,False
58,Dallas Goedert,TE,8.36,23.7,4100,0.9176470588235294,8.791524807169255,False,True,False,0.18,False
58,Ladd McConkey,WR,12.98,19.2,5900,0.9461538461538461,14.127287421770994,False,True,False,0.21,False
58,Parker Washington,WR,7.87,19.3,5600,0.8307692307692308,10.895527922151716,False,True,True,0.09,False
58,Jalen Coker,WR,6.59,36.8,4600,0.7615384615384615,10.142587770157927,False,True,False,0.03,False
59,D'Andre Swift,FLEX,8.13,35.4,6100,0.8378378378378378,15.45843368515677,False,True,False,0.26,False
59,Jalen Hurts,QB,6.57,24.72,6600,1.0,21.589054035884484,False,True,False,0.24,False
59,Jahmyr Gibbs,RB,38.58,37.6,8000,1.0,21.526515056209313,False,True,False,0.47,False
59,Ashton Jeanty,RB,7.22,35.7,6600,0.8648648648648649,16.113552507542693,False,True,False,0.18,False
59,Dallas Goedert,TE,8.36,23.7,4100,0.9176470588235294,8.791524807169255,False,True,True,0.18,False
59,Chris Olave,WR,23.65,31.2,6700,0.9846153846153847,15.67457550636562,False,True,False,0.21,False
59,Jalen Coker,WR,6.59,36.8,4600,0.7615384615384615,10.142587770157927,False,True,False,0.03,False
59,Tre Tucker,WR,8.51,4.7,4000,0.7846153846153846,10.347431079755312,False,True,False,0.06,False
60,Derrick Henry,FLEX,8.03,38.3,6700,0.9054054054054054,16.49501134085248,False,True,False,0.41,False
60,Tyler Shough,QB,8.88,29.2,5600,0.8333333333333334,19.84882306580669,False,True,False,0.0,True
60,Jahmyr Gibbs,RB,38.58,37.6,8000,1.0,21.526515056209313,False,True,False,0.47,False
60,Jonathan Taylor,RB,11.47,26.1,7300,0.9864864864864865,18.158525872253907,False,True,False,0.35,False
60,Dallas Goedert,TE,8.36,23.7,4100,0.9176470588235294,8.791524807169255,False,True,False,0.18,False
60,Christian Watson,WR,3.76,35.7,5900,0.9,12.718952965483389,False,True,False,0.12,False
60,Parker Washington,WR,7.87,19.3,5600,0.8307692307692308,10.895527922151716,False,True,False,0.09,False
60,Devaughn Vele,WR,7.88,19.9,3500,0.7153846153846154,8.3826808189502,False,True,True,0.03,False
61,D'Andre Swift,FLEX,8.13,35.4,6100,0.8378378378378378,15.45843368515677,False,True,False,0.26,False
61,Bryce Young,QB,3.31,35.44,5200,0.7592592592592593,19.031284152785275,False,True,False,0.12,False
61,Jahmyr Gibbs,RB,38.58,37.6,8000,1.0,21.526515056209313,False,True,False,0.47,False
61,Bijan Robinson,RB,12.88,31.3,7700,0.972972972972973,17.78990290735156,False,True,False,0.59,False
61,Dallas Goedert,TE,8.36,23.7,4100,0.9176470588235294,8.791524807169255,False,True,False,0.18,False
61,Amon-Ra St. Brown,WR,16.6,28.7,7500,0.9923076923076923,18.245007176737772,False,True,False,0.47,False
61,Wan'Dale Robinson,WR,3.89,8.8,4800,0.7538461538461538,9.865977043225588,False,True,False,0.12,False
61,Jalen Coker,WR,6.59,36.8,4600,0.7615384615384615,10.142587770157927,False,True,True,0.03,False
62,Dallas Goedert,FLEX,8.36,23.7,4100,0.9176470588235294,8.791524807169255,False,True,False,0.18,False
62,Bryce Young,QB,3.31,35.44,5200,0.7592592592592593,19.031284152785275,False,True,False,0.12,False
62,Jahmyr Gibbs,RB,38.58,37.6,8000,1.0,21.526515056209313,False,True,False,0.47,False
62,Jonathan Taylor,RB,11.47,26.1,7300,0.9864864864864865,18.158525872253907,False,True,False,0.35,False
62,Sam LaPorta,TE,5.82,9.8,4400,0.9529411764705882,9.609505076795845,False,True,False,0.25,False
62,Chris Olave,WR,23.65,31.2,6700,0.9846153846153847,15.67457550636562,False,True,False,0.21,False
62,Zay Flowers,WR,10.41,29.0,6400,0.9692307692307692,14.405208199792202,False,True,False,0.25,False
62,Jalen Coker,WR,6.59,36.8,4600,0.7615384615384615,10.142587770157927,False,True,True,0.03,False
63,Jonathan Taylor,FLEX,11.47,26.1,7300,0.9864864864864865,18.158525872253907,False,True,False,0.35,False
63,Trevor Lawrence,QB,4.95,26.1,5800,0.8703703703703703,20.344865977633898,False,True,False,0.15,False
63,D'Andre Swift,RB,8.13,35.4,6100,0.8378378378378378,15.45843368515677,False,True,False,0.26,False
63,Bucky Irving,RB,10.82,21.3,5700,0.8243243243243243,15.064533213343484,False,True,False,0.12,False
63,Dallas Goedert,TE,8.36,23.7,4100,0.9176470588235294,8.791524807169255,False,True,False,0.18,False
63,Chris Olave,WR,23.65,31.2,6700,0.9846153846153847,15.67457550636562,False,True,False,0.21,False
63,Zay Flowers,WR,10.41,29.0,6400,0.9692307692307692,14.405208199792202,False,True,False,0.25,False
63,Jalen Coker,WR,6.59,36.8,4600,0.7615384615384615,10.142587770157927,False,True,False,0.03,False
64,Dalton Kincaid,FLEX,1.6,21.0,4600,0.9058823529411765,8.686046772300084,False,True,False,0.09,False
64,Bryce Young,QB,3.31,35.44,5200,0.7592592592592593,19.031284152785275,False,True,False,0.12,False
64,Bijan Robinson,RB,12.88,31.3,7700,0.972972972972973,17.78990290735156,False,True,False,0.59,False
64,Jonathan Taylor,RB,11.47,26.1,7300,0.9864864864864865,18.158525872253907,False,True,False,0.35,False
64,Dallas Goedert,TE,8.36,23.7,4100,0.9176470588235294,8.791524807169255,False,True,False,0.18,False
64,Chris Olave,WR,23.65,31.2,6700,0.9846153846153847,15.67457550636562,False,True,False,0.21,False
64,Zay Flowers,WR,10.41,29.0,6400,0.9692307692307692,14.405208199792202,False,True,False,0.25,False
64,Jalen Coker,WR,6.59,36.8,4600,0.7615384615384615,10.142587770157927,False,True,True,0.03,False
65,David Montgomery,FLEX,4.82,28.9,6000,0.8108108108108109,13.567702567178092,False,True,False,0.12,False
65,Bryce Young,QB,3.31,35.44,5200,0.7592592592592593,19.031284152785275,False,True,False,0.12,False
65,Jonathan Taylor,RB,11.47,26.1,7300,0.9864864864864865,18.158525872253907,False,True,False,0.35,False
65,Ashton Jeanty,RB,7.22,35.7,6600,0.8648648648648649,16.113552507542693,False,True,False,0.18,False
65,Dallas Goedert,TE,8.36,23.7,4100,0.9176470588235294,8.791524807169255,False,True,False,0.18,False
65,Chris Olave,WR,23.65,31.2,6700,0.9846153846153847,15.67457550636562,False,True,False,0.21,False
65,Tetairoa McMillan,WR,11.64,11.5,6100,0.9307692307692308,13.806004254318932,False,True,True,0.06,False
65,Jalen Coker,WR,6.59,36.8,4600,0.7615384615384615,10.142587770157927,False,True,True,0.03,False
66,Ashton Jeanty,FLEX,7.22,35.7,6600,0.8648648648648649,16.113552507542693,False,True,False,0.18,False
66,Tyler Shough,QB,8.88,29.2,5600,0.8333333333333334,19.84882306580669,False,True,False,0.0,True
66,Jahmyr Gibbs,RB,38.58,37.6,8000,1.0,21.526515056209313,False,True,False,0.47,False
66,D'Andre Swift,RB,8.13,35.4,6100,0.8378378378378378,15.45843368515677,False,True,False,0.26,False
66,Juwan Johnson,TE,11.2,14.4,3700,0.9411764705882353,9.21520486133852,False,True,True,0.15,False
66,Chris Olave,WR,23.65,31.2,6700,0.9846153846153847,15.67457550636562,False,True,True,0.21,False
66,Garrett Wilson,WR,14.57,13.9,5800,0.9153846153846154,13.153395268782035,False,True,False,0.21,False
66,Jalen Coker,WR,6.59,36.8,4600,0.7615384615384615,10.142587770157927,False,True,False,0.03,False
66,Ashton Jeanty,FLEX,7.22,35.7,6600,0.8648648648648649,16.113552507542693,False,True,False,0.18,False
66,Tyler Shough,QB,8.88,29.2,5600,0.8333333333333334,19.84882306580669,False,True,False,0.0,True
66,Jahmyr Gibbs,RB,38.58,37.6,8000,1.0,21.526515056209313,False,True,False,0.47,False
66,D'Andre Swift,RB,8.13,35.4,6100,0.8378378378378378,15.45843368515677,False,True,False,0.26,False
66,Juwan Johnson,TE,11.2,14.4,3700,0.9411764705882353,9.21520486133852,False,True,True,0.15,False
66,Chris Olave,WR,23.65,31.2,6700,0.9846153846153847,15.67457550636562,False,True,True,0.21,False
66,Garrett Wilson,WR,14.57,13.9,5800,0.9153846153846154,13.153395268782035,False,True,False,0.21,False
66,Jalen Coker,WR,6.59,36.8,4600,0.7615384615384615,10.142587770157927,False,True,False,0.03,False
68,Chase Brown,FLEX,9.78,18.8,7100,0.9594594594594594,17.178662943068502,False,True,False,0.24,False
68,Caleb Williams,QB,5.15,37.26,6300,0.9629629629629629,21.428643204188127,False,True,False,0.26,False
68,Jahmyr Gibbs,RB,38.58,37.6,8000,1.0,21.526515056209313,False,True,False,0.47,False
68,Jonathan Taylor,RB,11.47,26.1,7300,0.9864864864864865,18.158525872253907,False,True,False,0.35,False
68,Dallas Goedert,TE,8.36,23.7,4100,0.9176470588235294,8.791524807169255,False,True,False,0.18,False
68,Zay Flowers,WR,10.41,29.0,6400,0.9692307692307692,14.405208199792202,False,True,False,0.25,False
68,Jalen Coker,WR,6.59,36.8,4600,0.7615384615384615,10.142587770157927,False,True,False,0.03,False
68,Devaughn Vele,WR,7.88,19.9,3500,0.7153846153846154,8.3826808189502,False,True,False,0.03,False
69,Jalen Coker,FLEX,6.59,36.8,4600,0.7615384615384615,10.142587770157927,False,True,False,0.03,False
69,Tyler Shough,QB,8.88,29.2,5600,0.8333333333333334,19.84882306580669,False,True,False,0.0,True
69,Jahmyr Gibbs,RB,38.58,37.6,8000,1.0,21.526515056209313,False,True,False,0.47,False
69,Bijan Robinson,RB,12.88,31.3,7700,0.972972972972973,17.78990290735156,False,True,False,0.59,False
69,Juwan Johnson,TE,11.2,14.4,3700,0.9411764705882353,9.21520486133852,False,True,True,0.15,False
69,Amon-Ra St. Brown,WR,16.6,28.7,7500,0.9923076923076923,18.245007176737772,False,True,False,0.47,False
69,Chris Olave,WR,23.65,31.2,6700,0.9846153846153847,15.67457550636562,False,True,True,0.21,False
69,Devaughn Vele,WR,7.88,19.9,3500,0.7153846153846154,8.3826808189502,False,True,True,0.03,False
69,Bucky Irving,FLEX,10.82,21.3,5700,0.8243243243243243,15.064533213343484,False,True,False,0.12,False
69,Tyler Shough,QB,8.88,29.2,5600,0.8333333333333334,19.84882306580669,False,True,False,0.0,True
69,Jahmyr Gibbs,RB,38.58,37.6,8000,1.0,21.526515056209313,False,True,False,0.47,False
69,D'Andre Swift,RB,8.13,35.4,6100,0.8378378378378378,15.45843368515677,False,True,False,0.26,False
69,Dallas Goedert,TE,8.36,23.7,4100,0.9176470588235294,8.791524807169255,False,True,False,0.18,False
69,Chris Olave,WR,23.65,31.2,6700,0.9846153846153847,15.67457550636562,False,True,True,0.21,False
69,Garrett Wilson,WR,14.57,13.9,5800,0.9153846153846154,13.153395268782035,False,True,False,0.21,False
69,Jalen Coker,WR,6.59,36.8,4600,0.7615384615384615,10.142587770157927,False,True,False,0.03,False
69,Bucky Irving,FLEX,10.82,21.3,5700,0.8243243243243243,15.064533213343484,False,True,False,0.12,False
69,Tyler Shough,QB,8.88,29.2,5600,0.8333333333333334,19.84882306580669,False,True,False,0.0,True
69,Jahmyr Gibbs,RB,38.58,37.6,8000,1.0,21.526515056209313,False,True,False,0.47,False
69,D'Andre Swift,RB,8.13,35.4,6100,0.8378378378378378,15.45843368515677,False,True,False,0.26,False
69,Dallas Goedert,TE,8.36,23.7,4100,0.9176470588235294,8.791524807169255,False,True,False,0.18,False
69,Chris Olave,WR,23.65,31.2,6700,0.9846153846153847,15.67457550636562,False,True,True,0.21,False
69,Garrett Wilson,WR,14.57,13.9,5800,0.9153846153846154,13.153395268782035,False,True,False,0.21,False
69,Jalen Coker,WR,6.59,36.8,4600,0.7615384615384615,10.142587770157927,False,True,False,0.03,False
69,Amon-Ra St. Brown,FLEX,16.6,28.7,7500,0.9923076923076923,18.245007176737772,False,True,False,0.47,False
69,Tyler Shough,QB,8.88,29.2,5600,0.8333333333333334,19.84882306580669,False,True,False,0.0,True
69,Jahmyr Gibbs,RB,38.58,37.6,8000,1.0,21.526515056209313,False,True,False,0.47,False
69,Bijan Robinson,RB,12.88,31.3,7700,0.972972972972973,17.78990290735156,False,True,False,0.59,False
69,Juwan Johnson,TE,11.2,14.4,3700,0.9411764705882353,9.21520486133852,False,True,True,0.15,False
69,Chris Olave,WR,23.65,31.2,6700,0.9846153846153847,15.67457550636562,False,True,True,0.21,False
69,Jalen Coker,WR,6.59,36.8,4600,0.7615384615384615,10.142587770157927,False,True,False,0.03,False
69,Devaughn Vele,WR,7.88,19.9,3500,0.7153846153846154,8.3826808189502,False,True,True,0.03,False
73,D'Andre Swift,FLEX,8.13,35.4,6100,0.8378378378378378,15.45843368515677,False,True,True,0.26,False
73,Caleb Williams,QB,5.15,37.26,6300,0.9629629629629629,21.428643204188127,False,True,False,0.26,False
73,Jahmyr Gibbs,RB,38.58,37.6,8000,1.0,21.526515056209313,False,True,False,0.47,False
73,Derrick Henry,RB,8.03,38.3,6700,0.9054054054054054,16.49501134085248,False,True,False,0.41,False
73,Michael Mayer,TE,20.8,9.2,2900,0.8352941176470589,7.7502018889448046,False,True,False,0.06,False
73,Zay Flowers,WR,10.41,29.0,6400,0.9692307692307692,14.405208199792202,False,True,False,0.25,False
73,Luther Burden III,WR,9.24,10.5,5500,0.8615384615384616,11.66068560374206,False,True,True,0.12,False
73,Jalen Coker,WR,6.59,36.8,4600,0.7615384615384615,10.142587770157927,False,True,False,0.03,False
74,Ashton Jeanty,FLEX,7.22,35.7,6600,0.8648648648648649,16.113552507542693,False,True,False,0.18,False
74,Bryce Young,QB,3.31,35.44,5200,0.7592592592592593,19.031284152785275,False,True,False,0.12,False
74,Jahmyr Gibbs,RB,38.58,37.6,8000,1.0,21.526515056209313,False,True,False,0.47,False
74,Derrick Henry,RB,8.03,38.3,6700,0.9054054054054054,16.49501134085248,False,True,False,0.41,False
74,Cade Otton,TE,3.09,5.6,3700,0.8588235294117647,8.025188906915007,False,True,False,0.12,False
74,Chris Olave,WR,23.65,31.2,6700,0.9846153846153847,15.67457550636562,False,True,False,0.21,False
74,Chris Godwin Jr.,WR,8.65,8.3,5200,0.8538461538461538,11.383479027429882,False,True,False,0.12,False
74,Jalen Coker,WR,6.59,36.8,4600,0.7615384615384615,10.142587770157927,False,True,True,0.03,False
74,Dallas Goedert,FLEX,8.36,23.7,4100,0.9176470588235294,8.791524807169255,False,True,False,0.18,False
74,Bryce Young,QB,3.31,35.44,5200,0.7592592592592593,19.031284152785275,False,True,False,0.12,False
74,Jahmyr Gibbs,RB,38.58,37.6,8000,1.0,21.526515056209313,False,True,False,0.47,False
74,Jonathan Taylor,RB,11.47,26.1,7300,0.9864864864864865,18.158525872253907,False,True,False,0.35,False
74,Juwan Johnson,TE,11.2,14.4,3700,0.9411764705882353,9.21520486133852,False,True,False,0.15,False
74,Amon-Ra St. Brown,WR,16.6,28.7,7500,0.9923076923076923,18.245007176737772,False,True,False,0.47,False
74,Chris Olave,WR,23.65,31.2,6700,0.9846153846153847,15.67457550636562,False,True,False,0.21,False
74,Jalen Coker,WR,6.59,36.8,4600,0.7615384615384615,10.142587770157927,False,True,True,0.03,False
76,Travis Etienne Jr.,FLEX,7.38,14.8,5900,0.8918918918918919,16.473142214042223,False,True,False,0.15,False
76,Bryce Young,QB,3.31,35.44,5200,0.7592592592592593,19.031284152785275,False,True,False,0.12,False
76,Jahmyr Gibbs,RB,38.58,37.6,8000,1.0,21.526515056209313,False,True,False,0.47,False
76,Derrick Henry,RB,8.03,38.3,6700,0.9054054054054054,16.49501134085248,False,True,False,0.41,False
76,Dallas Goedert,TE,8.36,23.7,4100,0.9176470588235294,8.791524807169255,False,True,False,0.18,False
76,Tetairoa McMillan,WR,11.64,11.5,6100,0.9307692307692308,13.806004254318932,False,True,True,0.06,False
76,Christian Watson,WR,3.76,35.7,5900,0.9,12.718952965483389,False,True,False,0.12,False
76,Jalen Coker,WR,6.59,36.8,4600,0.7615384615384615,10.142587770157927,False,True,True,0.03,False
76,Jahmyr Gibbs,FLEX,38.58,37.6,8000,1.0,21.526515056209313,False,True,False,0.47,False
76,Bryce Young,QB,3.31,35.44,5200,0.7592592592592593,19.031284152785275,False,True,False,0.12,False
76,Jonathan Taylor,RB,11.47,26.1,7300,0.9864864864864865,18.158525872253907,False,True,False,0.35,False
76,Derrick Henry,RB,8.03,38.3,6700,0.9054054054054054,16.49501134085248,False,True,False,0.41,False
76,Dallas Goedert,TE,8.36,23.7,4100,0.9176470588235294,8.791524807169255,False,True,False,0.18,False
76,Chris Olave,WR,23.65,31.2,6700,0.9846153846153847,15.67457550636562,False,True,False,0.21,False
76,Jalen Coker,WR,6.59,36.8,4600,0.7615384615384615,10.142587770157927,False,True,True,0.03,False
76,Tre Tucker,WR,8.51,4.7,4000,0.7846153846153846,10.347431079755312,False,True,False,0.06,False
78,Chuba Hubbard,FLEX,1.43,23.7,5500,0.7837837837837838,13.25786114972142,False,True,True,0.21,False
78,Bryce Young,QB,3.31,35.44,5200,0.7592592592592593,19.031284152785275,False,True,False,0.12,False
78,Jonathan Taylor,RB,11.47,26.1,7300,0.9864864864864865,18.158525872253907,False,True,False,0.35,False
78,Derrick Henry,RB,8.03,38.3,6700,0.9054054054054054,16.49501134085248,False,True,False,0.41,False
78,Dallas Goedert,TE,8.36,23.7,4100,0.9176470588235294,8.791524807169255,False,True,False,0.18,False
78,Amon-Ra St. Brown,WR,16.6,28.7,7500,0.9923076923076923,18.245007176737772,False,True,False,0.47,False
78,Zay Flowers,WR,10.41,29.0,6400,0.9692307692307692,14.405208199792202,False,True,False,0.25,False
78,Jalen Coker,WR,6.59,36.8,4600,0.7615384615384615,10.142587770157927,False,True,True,0.03,False
79,Justin Jefferson,FLEX,10.9,31.2,7300,0.9615384615384616,14.355825713336419,False,True,False,0.36,False
79,Tyler Shough,QB,8.88,29.2,5600,0.8333333333333334,19.84882306580669,False,True,False,0.0,True
79,Ashton Jeanty,RB,7.22,35.7,6600,0.8648648648648649,16.113552507542693,False,True,False,0.18,False
79,Jordan Mason,RB,0.78,11.9,5400,0.6216216216216216,8.196494857288108,False,True,False,,
79,Dallas Goedert,TE,8.36,23.7,4100,0.9176470588235294,8.791524807169255,False,True,False,0.18,False
79,Chris Olave,WR,23.65,31.2,6700,0.9846153846153847,15.67457550636562,False,True,True,0.21,False
79,Zay Flowers,WR,10.41,29.0,6400,0.9692307692307692,14.405208199792202,False,True,False,0.25,False
79,Jalen Coker,WR,6.59,36.8,4600,0.7615384615384615,10.142587770157927,False,True,False,0.03,False
80,Derrick Henry,FLEX,8.03,38.3,6700,0.9054054054054054,16.49501134085248,False,True,False,0.41,False
80,Tyler Shough,QB,8.88,29.2,5600,0.8333333333333334,19.84882306580669,False,True,False,0.0,True
80,Jahmyr Gibbs,RB,38.58,37.6,8000,1.0,21.526515056209313,False,True,False,0.47,False
80,Jonathan Taylor,RB,11.47,26.1,7300,0.9864864864864865,18.158525872253907,False,True,False,0.35,False
80,Juwan Johnson,TE,11.2,14.4,3700,0.9411764705882353,9.21520486133852,False,True,True,0.15,False
80,Chris Olave,WR,23.65,31.2,6700,0.9846153846153847,15.67457550636562,False,True,True,0.21,False
80,Jalen Coker,WR,6.59,36.8,4600,0.7615384615384615,10.142587770157927,False,True,False,0.03,False
80,Devaughn Vele,WR,7.88,19.9,3500,0.7153846153846154,8.3826808189502,False,True,True,0.03,False
81,D'Andre Swift,FLEX,8.13,35.4,6100,0.8378378378378378,15.45843368515677,False,True,False,0.26,False
81,Lamar Jackson,QB,6.08,28.96,6800,0.9444444444444444,21.218701127187526,False,True,False,0.38,False
81,Jahmyr Gibbs,RB,38.58,37.6,8000,1.0,21.526515056209313,False,True,False,0.47,False
81,Derrick Henry,RB,8.03,38.3,6700,0.9054054054054054,16.49501134085248,False,True,True,0.41,False
81,Dallas Goedert,TE,8.36,23.7,4100,0.9176470588235294,8.791524807169255,False,True,False,0.18,False
81,DJ Moore,WR,4.01,24.0,5600,0.8769230769230769,11.762126391292894,False,True,False,0.24,False
81,Quentin Johnston,WR,10.38,3.7,4700,0.8153846153846154,10.489094616901873,False,True,False,0.18,False
81,Jalen Coker,WR,6.59,36.8,4600,0.7615384615384615,10.142587770157927,False,True,False,0.03,False
82,Derrick Henry,FLEX,8.03,38.3,6700,0.9054054054054054,16.49501134085248,False,True,False,0.41,False
82,Bryce Young,QB,3.31,35.44,5200,0.7592592592592593,19.031284152785275,False,True,False,0.12,False
82,Jahmyr Gibbs,RB,38.58,37.6,8000,1.0,21.526515056209313,False,True,False,0.47,False
82,Bijan Robinson,RB,12.88,31.3,7700,0.972972972972973,17.78990290735156,False,True,False,0.59,False
82,Dallas Goedert,TE,8.36,23.7,4100,0.9176470588235294,8.791524807169255,False,True,False,0.18,False
82,Chris Olave,WR,23.65,31.2,6700,0.9846153846153847,15.67457550636562,False,True,False,0.21,False
82,Jalen Coker,WR,6.59,36.8,4600,0.7615384615384615,10.142587770157927,False,True,True,0.03,False
82,Kayshon Boutte,WR,0.75,3.1,4500,0.6384615384615384,7.568020034901867,False,True,False,0.09,False
83,Ashton Jeanty,FLEX,7.22,35.7,6600,0.8648648648648649,16.113552507542693,False,True,False,0.18,False
83,Caleb Williams,QB,5.15,37.26,6300,0.9629629629629629,21.428643204188127,False,True,False,0.26,False
83,Jahmyr Gibbs,RB,38.58,37.6,8000,1.0,21.526515056209313,False,True,False,0.47,False
83,D'Andre Swift,RB,8.13,35.4,6100,0.8378378378378378,15.45843368515677,False,True,True,0.26,False
83,Colston Loveland,TE,11.2,0.0,5300,0.9882352941176471,10.943602779373666,False,True,True,0.18,False
83,Chris Olave,WR,23.65,31.2,6700,0.9846153846153847,15.67457550636562,False,True,False,0.21,False
83,Jalen Coker,WR,6.59,36.8,4600,0.7615384615384615,10.142587770157927,False,True,False,0.03,False
83,Caleb Douglas,WR,1.97,14.4,3000,0.5692307692307692,5.922028127491897,False,True,False,,False
84,Ashton Jeanty,FLEX,7.22,35.7,6600,0.8648648648648649,16.113552507542693,False,True,False,0.18,False
84,Tyler Shough,QB,8.88,29.2,5600,0.8333333333333334,19.84882306580669,False,True,False,0.0,True
84,Jahmyr Gibbs,RB,38.58,37.6,8000,1.0,21.526515056209313,False,True,False,0.47,False
84,D'Andre Swift,RB,8.13,35.4,6100,0.8378378378378378,15.45843368515677,False,True,False,0.26,False
84,Brenton Strange,TE,2.3,10.3,3600,0.8470588235294118,7.8744620733177495,False,True,False,0.06,False
84,Chris Olave,WR,23.65,31.2,6700,0.9846153846153847,15.67457550636562,False,True,True,0.21,False
84,Zay Flowers,WR,10.41,29.0,6400,0.9692307692307692,14.405208199792202,False,True,False,0.25,False
84,Devaughn Vele,WR,7.88,19.9,3500,0.7153846153846154,8.3826808189502,False,True,True,0.03,False
85,Ashton Jeanty,FLEX,7.22,35.7,6600,0.8648648648648649,16.113552507542693,False,True,False,0.18,False
85,Lamar Jackson,QB,6.08,28.96,6800,0.9444444444444444,21.218701127187526,False,True,False,0.38,False
85,Derrick Henry,RB,8.03,38.3,6700,0.9054054054054054,16.49501134085248,False,True,True,0.41,False
85,D'Andre Swift,RB,8.13,35.4,6100,0.8378378378378378,15.45843368515677,False,True,False,0.26,False
85,Tyler Warren,TE,4.26,10.3,4900,0.9764705882352941,10.451841369430548,False,True,False,0.24,False
85,Zay Flowers,WR,10.41,29.0,6400,0.9692307692307692,14.405208199792202,False,True,True,0.25,False
85,Christian Watson,WR,3.76,35.7,5900,0.9,12.718952965483389,False,True,False,0.12,False
85,Devaughn Vele,WR,7.88,19.9,3500,0.7153846153846154,8.3826808189502,False,True,False,0.03,False
86,Justin Jefferson,FLEX,10.9,31.2,7300,0.9615384615384616,14.355825713336419,False,True,False,0.36,False
86,Bryce Young,QB,3.31,35.44,5200,0.7592592592592593,19.031284152785275,False,True,False,0.12,False
86,Jahmyr Gibbs,RB,38.58,37.6,8000,1.0,21.526515056209313,False,True,False,0.47,False
86,Ashton Jeanty,RB,7.22,35.7,6600,0.8648648648648649,16.113552507542693,False,True,False,0.18,False
86,Michael Mayer,TE,20.8,9.2,2900,0.8352941176470589,7.7502018889448046,False,True,False,0.06,False
86,Tetairoa McMillan,WR,11.64,11.5,6100,0.9307692307692308,13.806004254318932,False,True,True,0.06,False
86,Christian Watson,WR,3.76,35.7,5900,0.9,12.718952965483389,False,True,False,0.12,False
86,Jalen Coker,WR,6.59,36.8,4600,0.7615384615384615,10.142587770157927,False,True,True,0.03,False
87,Jahmyr Gibbs,FLEX,38.58,37.6,8000,1.0,21.526515056209313,False,True,False,0.47,False
87,Lamar Jackson,QB,6.08,28.96,6800,0.9444444444444444,21.218701127187526,False,True,False,0.38,False
87,D'Andre Swift,RB,8.13,35.4,6100,0.8378378378378378,15.45843368515677,False,True,False,0.26,False
87,David Montgomery,RB,4.82,28.9,6000,0.8108108108108109,13.567702567178092,False,True,False,0.12,False
87,Michael Mayer,TE,20.8,9.2,2900,0.8352941176470589,7.7502018889448046,False,True,False,0.06,False
87,Chris Olave,WR,23.65,31.2,6700,0.9846153846153847,15.67457550636562,False,True,False,0.21,False
87,Zay Flowers,WR,10.41,29.0,6400,0.9692307692307692,14.405208199792202,False,True,True,0.25,False
87,Jalen Coker,WR,6.59,36.8,4600,0.7615384615384615,10.142587770157927,False,True,False,0.03,False
88,D'Andre Swift,FLEX,8.13,35.4,6100,0.8378378378378378,15.45843368515677,False,True,False,0.26,False
88,Bryce Young,QB,3.31,35.44,5200,0.7592592592592593,19.031284152785275,False,True,False,0.12,False
88,Jahmyr Gibbs,RB,38.58,37.6,8000,1.0,21.526515056209313,False,True,False,0.47,False
88,Breece Hall,RB,5.78,22.8,6200,0.8513513513513513,15.578113875954916,False,True,False,0.21,False
88,Dallas Goedert,TE,8.36,23.7,4100,0.9176470588235294,8.791524807169255,False,True,False,0.18,False
88,Chris Olave,WR,23.65,31.2,6700,0.9846153846153847,15.67457550636562,False,True,False,0.21,False
88,Alec Pierce,WR,2.68,10.1,5700,0.8384615384615385,10.928891368325328,False,True,False,0.18,False
88,Jalen Coker,WR,6.59,36.8,4600,0.7615384615384615,10.142587770157927,False,True,True,0.03,False
89,Chris Olave,FLEX,23.65,31.2,6700,0.9846153846153847,15.67457550636562,False,True,True,0.21,False
89,Tyler Shough,QB,8.88,29.2,5600,0.8333333333333334,19.84882306580669,False,True,False,0.0,True
89,Jahmyr Gibbs,RB,38.58,37.6,8000,1.0,21.526515056209313,False,True,False,0.47,False
89,D'Andre Swift,RB,8.13,35.4,6100,0.8378378378378378,15.45843368515677,False,True,False,0.26,False
89,Juwan Johnson,TE,11.2,14.4,3700,0.9411764705882353,9.21520486133852,False,True,True,0.15,False
89,Zay Flowers,WR,10.41,29.0,6400,0.9692307692307692,14.405208199792202,False,True,False,0.25,False
89,Ladd McConkey,WR,12.98,19.2,5900,0.9461538461538461,14.127287421770994,False,True,False,0.21,False
89,Jalen Coker,WR,6.59,36.8,4600,0.7615384615384615,10.142587770157927,False,True,False,0.03,False
90,Zay Flowers,FLEX,10.41,29.0,6400,0.9692307692307692,14.405208199792202,False,True,False,0.25,False
90,Bryce Young,QB,3.31,35.44,5200,0.7592592592592593,19.031284152785275,False,True,False,0.12,False
90,Jonathan Taylor,RB,11.47,26.1,7300,0.9864864864864865,18.158525872253907,False,True,False,0.35,False
90,D'Andre Swift,RB,8.13,35.4,6100,0.8378378378378378,15.45843368515677,False,True,False,0.26,False
90,Dallas Goedert,TE,8.36,23.7,4100,0.9176470588235294,8.791524807169255,False,True,False,0.18,False
90,Justin Jefferson,WR,10.9,31.2,7300,0.9615384615384616,14.355825713336419,False,True,False,0.36,False
90,Alec Pierce,WR,2.68,10.1,5700,0.8384615384615385,10.928891368325328,False,True,False,0.18,False
90,Jalen Coker,WR,6.59,36.8,4600,0.7615384615384615,10.142587770157927,False,True,True,0.03,False
90,Ashton Jeanty,FLEX,7.22,35.7,6600,0.8648648648648649,16.113552507542693,False,True,False,0.18,False
90,Bryce Young,QB,3.31,35.44,5200,0.7592592592592593,19.031284152785275,False,True,False,0.12,False
90,Jahmyr Gibbs,RB,38.58,37.6,8000,1.0,21.526515056209313,False,True,False,0.47,False
90,Derrick Henry,RB,8.03,38.3,6700,0.9054054054054054,16.49501134085248,False,True,False,0.41,False
90,Michael Mayer,TE,20.8,9.2,2900,0.8352941176470589,7.7502018889448046,False,True,False,0.06,False
90,Chris Olave,WR,23.65,31.2,6700,0.9846153846153847,15.67457550636562,False,True,False,0.21,False
90,Jameson Williams,WR,6.88,8.5,6000,0.8923076923076924,12.085252006087256,False,True,False,0.22,False
90,Jalen Coker,WR,6.59,36.8,4600,0.7615384615384615,10.142587770157927,False,True,True,0.03,False
92,Jahmyr Gibbs,FLEX,38.58,37.6,8000,1.0,21.526515056209313,False,True,False,0.47,False
92,Malik Willis,QB,4.72,17.7,5300,0.7222222222222222,17.91512241725665,False,True,False,0.06,False
92,Ashton Jeanty,RB,7.22,35.7,6600,0.8648648648648649,16.113552507542693,False,True,False,0.18,False
92,D'Andre Swift,RB,8.13,35.4,6100,0.8378378378378378,15.45843368515677,False,True,False,0.26,False
92,Michael Mayer,TE,20.8,9.2,2900,0.8352941176470589,7.7502018889448046,False,True,False,0.06,False
92,Chris Olave,WR,23.65,31.2,6700,0.9846153846153847,15.67457550636562,False,True,False,0.21,False
92,Zay Flowers,WR,10.41,29.0,6400,0.9692307692307692,14.405208199792202,False,True,False,0.25,False
92,Jalen Coker,WR,6.59,36.8,4600,0.7615384615384615,10.142587770157927,False,True,False,0.03,False
92,Jalen Coker,FLEX,6.59,36.8,4600,0.7615384615384615,10.142587770157927,False,True,False,0.03,False
92,Tyler Shough,QB,8.88,29.2,5600,0.8333333333333334,19.84882306580669,False,True,False,0.0,True
92,Jahmyr Gibbs,RB,38.58,37.6,8000,1.0,21.526515056209313,False,True,False,0.47,False
92,D'Andre Swift,RB,8.13,35.4,6100,0.8378378378378378,15.45843368515677,False,True,False,0.26,False
92,Michael Mayer,TE,20.8,9.2,2900,0.8352941176470589,7.7502018889448046,False,True,False,0.06,False
92,Chris Olave,WR,23.65,31.2,6700,0.9846153846153847,15.67457550636562,False,True,True,0.21,False
92,Zay Flowers,WR,10.41,29.0,6400,0.9692307692307692,14.405208199792202,False,True,False,0.25,False
92,Ladd McConkey,WR,12.98,19.2,5900,0.9461538461538461,14.127287421770994,False,True,False,0.21,False
94,D'Andre Swift,FLEX,8.13,35.4,6100,0.8378378378378378,15.45843368515677,False,True,False,0.26,False
94,Bryce Young,QB,3.31,35.44,5200,0.7592592592592593,19.031284152785275,False,True,False,0.12,False
94,Jahmyr Gibbs,RB,38.58,37.6,8000,1.0,21.526515056209313,False,True,False,0.47,False
94,Bijan Robinson,RB,12.88,31.3,7700,0.972972972972973,17.78990290735156,False,True,False,0.59,False
94,Michael Mayer,TE,20.8,9.2,2900,0.8352941176470589,7.7502018889448046,False,True,False,0.06,False
94,Justin Jefferson,WR,10.9,31.2,7300,0.9615384615384616,14.355825713336419,False,True,False,0.36,False
94,Parker Washington,WR,7.87,19.3,5600,0.8307692307692308,10.895527922151716,False,True,False,0.09,False
94,Jalen Coker,WR,6.59,36.8,4600,0.7615384615384615,10.142587770157927,False,True,True,0.03,False
95,Devaughn Vele,FLEX,7.88,19.9,3500,0.7153846153846154,8.3826808189502,False,True,True,0.03,False
95,Tyler Shough,QB,8.88,29.2,5600,0.8333333333333334,19.84882306580669,False,True,False,0.0,True
95,Jahmyr Gibbs,RB,38.58,37.6,8000,1.0,21.526515056209313,False,True,False,0.47,False
95,Ashton Jeanty,RB,7.22,35.7,6600,0.8648648648648649,16.113552507542693,False,True,False,0.18,False
95,Michael Mayer,TE,20.8,9.2,2900,0.8352941176470589,7.7502018889448046,False,True,False,0.06,False
95,Amon-Ra St. Brown,WR,16.6,28.7,7500,0.9923076923076923,18.245007176737772,False,True,False,0.47,False
95,Chris Olave,WR,23.65,31.2,6700,0.9846153846153847,15.67457550636562,False,True,True,0.21,False
95,Christian Watson,WR,3.76,35.7,5900,0.9,12.718952965483389,False,True,False,0.12,False
96,Ashton Jeanty,FLEX,7.22,35.7,6600,0.8648648648648649,16.113552507542693,False,True,False,0.18,False
96,Bryce Young,QB,3.31,35.44,5200,0.7592592592592593,19.031284152785275,False,True,False,0.12,False
96,Jahmyr Gibbs,RB,38.58,37.6,8000,1.0,21.526515056209313,False,True,False,0.47,False
96,Derrick Henry,RB,8.03,38.3,6700,0.9054054054054054,16.49501134085248,False,True,False,0.41,False
96,Michael Mayer,TE,20.8,9.2,2900,0.8352941176470589,7.7502018889448046,False,True,False,0.06,False
96,Amon-Ra St. Brown,WR,16.6,28.7,7500,0.9923076923076923,18.245007176737772,False,True,False,0.47,False
96,Chris Olave,WR,23.65,31.2,6700,0.9846153846153847,15.67457550636562,False,True,False,0.21,False
96,Devaughn Vele,WR,7.88,19.9,3500,0.7153846153846154,8.3826808189502,False,True,False,0.03,False
97,Jahmyr Gibbs,FLEX,38.58,37.6,8000,1.0,21.526515056209313,False,True,False,0.47,False
97,Bryce Young,QB,3.31,35.44,5200,0.7592592592592593,19.031284152785275,False,True,False,0.12,False
97,D'Andre Swift,RB,8.13,35.4,6100,0.8378378378378378,15.45843368515677,False,True,False,0.26,False
97,Kenny Gainwell,RB,2.14,2.8,5200,0.6756756756756757,9.923284864676067,False,True,False,0.09,False
97,Dallas Goedert,TE,8.36,23.7,4100,0.9176470588235294,8.791524807169255,False,True,False,0.18,False
97,Chris Olave,WR,23.65,31.2,6700,0.9846153846153847,15.67457550636562,False,True,False,0.21,False
97,Zay Flowers,WR,10.41,29.0,6400,0.9692307692307692,14.405208199792202,False,True,False,0.25,False
97,Jalen Coker,WR,6.59,36.8,4600,0.7615384615384615,10.142587770157927,False,True,True,0.03,False
98,Mark Andrews,FLEX,5.03,8.9,3900,0.8941176470588236,8.544951091172932,False,True,True,0.28,False
98,Lamar Jackson,QB,6.08,28.96,6800,0.9444444444444444,21.218701127187526,False,True,False,0.38,False
98,Jahmyr Gibbs,RB,38.58,37.6,8000,1.0,21.526515056209313,False,True,False,0.47,False
98,Ashton Jeanty,RB,7.22,35.7,6600,0.8648648648648649,16.113552507542693,False,True,False,0.18,False
98,Dallas Goedert,TE,8.36,23.7,4100,0.9176470588235294,8.791524807169255,False,True,False,0.18,False
98,Chris Olave,WR,23.65,31.2,6700,0.9846153846153847,15.67457550636562,False,True,False,0.21,False
98,Zay Flowers,WR,10.41,29.0,6400,0.9692307692307692,14.405208199792202,False,True,True,0.25,False
98,Jalen Coker,WR,6.59,36.8,4600,0.7615384615384615,10.142587770157927,False,True,False,0.03,False
99,D'Andre Swift,FLEX,8.13,35.4,6100,0.8378378378378378,15.45843368515677,False,True,False,0.26,False
99,Bryce Young,QB,3.31,35.44,5200,0.7592592592592593,19.031284152785275,False,True,False,0.12,False
99,Jahmyr Gibbs,RB,38.58,37.6,8000,1.0,21.526515056209313,False,True,False,0.47,False
99,Bijan Robinson,RB,12.88,31.3,7700,0.972972972972973,17.78990290735156,False,True,False,0.59,False
99,T.J. Hockenson,TE,1.95,13.6,3300,0.8235294117647058,7.35616397175801,False,True,False,0.09,False
99,Chris Olave,WR,23.65,31.2,6700,0.9846153846153847,15.67457550636562,False,True,False,0.21,False
99,Luther Burden III,WR,9.24,10.5,5500,0.8615384615384616,11.66068560374206,False,True,False,0.12,False
99,Jalen Coker,WR,6.59,36.8,4600,0.7615384615384615,10.142587770157927,False,True,True,0.03,False
99,Justin Jefferson,FLEX,10.9,31.2,7300,0.9615384615384616,14.355825713336419,False,True,False,0.36,False
99,Bryce Young,QB,3.31,35.44,5200,0.7592592592592593,19.031284152785275,False,True,False,0.12,False
99,Jahmyr Gibbs,RB,38.58,37.6,8000,1.0,21.526515056209313,False,True,False,0.47,False
99,D'Andre Swift,RB,8.13,35.4,6100,0.8378378378378378,15.45843368515677,False,True,False,0.26,False
99,Michael Mayer,TE,20.8,9.2,2900,0.8352941176470589,7.7502018889448046,False,True,False,0.06,False
99,Nico Collins,WR,5.27,21.2,7000,0.9769230769230769,15.342287922272817,False,True,False,0.29,False
99,Zay Flowers,WR,10.41,29.0,6400,0.9692307692307692,14.405208199792202,False,True,False,0.25,False
99,Jalen Coker,WR,6.59,36.8,4600,0.7615384615384615,10.142587770157927,False,True,True,0.03,False
