season,week,pos,pts,salary,proven_any,proven_noinj
2021,1,WR,40.1,8200.0,True,True
2021,1,WR,27.3,5100.0,True,True
2021,1,WR,30.200000000000003,7000.0,True,True
2021,1,RB,25.0,4500.0,True,False
2021,1,WR,35.900000000000006,5900.0,True,False
2021,1,QB,32.92,5100.0,True,True
2021,1,TE,25.700000000000003,4900.0,True,True
2021,1,RB,28.000000000000004,6200.0,True,True
2021,2,TE,19.9,4700.0,True,True
2021,2,WR,39.8,6000.0,True,True
2021,2,WR,25.5,4200.0,True,True
2021,2,WR,27.4,4000.0,False,False
2021,2,RB,50.7,8300.0,True,True
2021,2,WR,34.8,7200.0,True,True
2021,2,RB,23.9,3800.0,False,False
2021,2,QB,38.1,8200.0,True,True
2021,3,RB,27.5,5600.0,True,True
2021,3,RB,31.200000000000003,6600.0,False,False
2021,3,WR,36.2,6400.0,True,True
2021,3,WR,29.8,7200.0,True,True
2021,3,TE,20.0,2900.0,False,False
2021,3,WR,30.6,6800.0,True,True
2021,3,QB,40.22,7000.0,True,True
2021,3,WR,26.4,4200.0,True,False
2021,4,WR,34.9,6600.0,True,True
2021,4,TE,20.7,3600.0,False,False
2021,4,WR,50.6,8000.0,True,True
2021,4,RB,29.6,6700.0,True,True
2021,4,WR,23.9,3300.0,False,False
2021,4,WR,38.7,6500.0,True,True
2021,4,RB,34.6,4900.0,True,True
2021,4,QB,36.54,6000.0,True,True
2021,5,TE,30.9,2900.0,False,False
2021,5,WR,39.5,7200.0,True,True
2021,5,RB,33.900000000000006,7600.0,True,True
2021,5,WR,40.6,8200.0,True,True
2021,5,WR,34.4,5200.0,True,True
2021,5,RB,31.9,5100.0,True,True
2021,5,WR,32.6,4000.0,False,False
2021,5,QB,45.82,6800.0,True,True
2021,6,WR,29.1,3500.0,False,False
2021,6,WR,39.1,6500.0,True,True
2021,6,RB,31.8,6600.0,True,True
2021,6,RB,23.9,4900.0,False,False
2021,6,WR,37.0,7900.0,True,True
2021,6,TE,24.700000000000003,4800.0,True,True
2021,6,WR,32.8,5800.0,True,True
2021,6,QB,31.520000000000003,6200.0,True,True
2021,7,QB,28.54,5500.0,True,True
2021,7,WR,31.6,6500.0,True,True
2021,7,WR,37.1,6200.0,True,True
2021,7,TE,24.1,3000.0,True,True
2021,7,WR,40.6,8400.0,True,True
2021,7,RB,28.400000000000002,6000.0,True,True
2021,7,WR,30.3,6300.0,True,True
2021,7,RB,28.3,5700.0,True,True
2021,8,RB,32.2,4900.0,False,False
2021,8,QB,31.099999999999998,5000.0,False,False
2021,8,RB,25.1,6900.0,True,True
2021,8,WR,29.200000000000003,6100.0,True,True
2021,8,TE,18.9,5400.0,True,True
2021,8,WR,31.0,6400.0,True,True
2021,8,WR,30.6,5300.0,True,True
2021,8,WR,34.5,6900.0,True,True
2021,9,TE,24.1,5200.0,True,True
2021,9,RB,40.300000000000004,5300.0,True,True
2021,9,WR,20.8,3600.0,True,False
2021,9,RB,28.0,7100.0,True,True
2021,9,RB,33.300000000000004,6700.0,True,True
2021,9,WR,25.6,5200.0,True,True
2021,9,WR,25.4,6700.0,True,True
2021,9,QB,35.64,7300.0,True,True
2021,10,WR,28.6,7000.0,True,True
2021,10,WR,33.2,7500.0,True,True
2021,10,RB,30.4,4500.0,False,False
2021,10,WR,24.1,4600.0,True,False
2021,10,RB,27.6,8100.0,True,True
2021,10,TE,16.1,3400.0,True,True
2021,10,RB,26.8,4800.0,True,False
2021,10,QB,26.34,6900.0,True,True
2021,11,TE,28.8,4800.0,True,True
2021,11,WR,23.4,3300.0,False,False
2021,11,RB,27.3,7600.0,True,True
2021,11,WR,25.3,3700.0,True,True
2021,11,WR,40.2,8100.0,True,True
2021,11,RB,56.4,8300.0,True,True
2021,11,WR,32.6,4900.0,True,True
2021,11,QB,36.5,7000.0,True,True
2021,12,WR,31.700000000000003,5900.0,True,True
2021,12,QB,29.28,6900.0,True,True
2021,12,RB,30.8,5400.0,True,True
2021,12,RB,35.3,7500.0,True,True
2021,12,WR,26.4,5400.0,True,False
2021,12,RB,47.1,6800.0,True,True
2021,12,TE,22.3,4400.0,True,True
2021,12,WR,23.1,4900.0,True,False
2021,13,RB,28.1,5600.0,True,True
2021,13,WR,33.5,6800.0,True,True
2021,13,RB,24.900000000000002,4300.0,True,False
2021,13,WR,31.8,5800.0,True,True
2021,13,TE,31.5,4500.0,True,True
2021,13,TE,42.6,5900.0,True,True
2021,13,QB,32.62,7200.0,True,True
2021,13,WR,33.2,6600.0,True,True
2021,14,TE,31.5,5900.0,True,True
2021,14,QB,42.22,7800.0,True,True
2021,14,RB,26.1,5400.0,True,True
2021,14,WR,32.7,6100.0,True,True
2021,14,WR,17.6,3000.0,False,False
2021,14,RB,29.800000000000004,4800.0,False,False
2021,14,WR,30.200000000000003,6700.0,True,True
2021,14,TE,37.1,6900.0,True,True
2021,15,WR,23.5,5200.0,True,True
2021,15,WR,24.4,5300.0,True,True
2021,15,RB,22.9,5000.0,True,False
2021,15,WR,25.5,3700.0,True,False
2021,15,TE,38.6,6400.0,True,True
2021,15,QB,35.900000000000006,5400.0,False,False
2021,15,WR,32.2,5800.0,True,True
2021,15,RB,28.700000000000003,4000.0,False,False
2021,16,TE,29.5,7000.0,True,True
2021,16,WR,46.400000000000006,6200.0,True,True
2021,16,RB,31.5,6900.0,True,True
2021,16,QB,41.1,5900.0,True,True
2021,16,WR,32.4,3000.0,True,False
2021,16,WR,26.0,5600.0,True,True
2021,16,RB,31.9,4500.0,False,False
2021,16,RB,35.2,4200.0,False,False
2021,17,RB,26.0,5400.0,False,False
2021,17,TE,21.200000000000003,4400.0,True,True
2021,17,WR,38.400000000000006,6000.0,True,True
2021,17,WR,30.9,6500.0,True,True
2021,17,RB,35.5,6100.0,True,True
2021,17,WR,58.6,7600.0,True,True
2021,17,WR,26.7,3700.0,False,False
2021,17,QB,37.84,6900.0,True,True
2021,18,WR,29.1,6800.0,True,True
2021,18,WR,30.6,5600.0,True,False
2021,18,RB,27.3,6300.0,True,True
2021,18,RB,28.0,6500.0,True,True
2021,18,TE,23.5,4000.0,True,True
2021,18,WR,29.6,9700.0,True,True
2021,18,WR,35.3,3000.0,False,False
2021,18,QB,30.24,5300.0,True,False
2022,1,WR,21.4,3800.0,False,False
2022,1,WR,42.400000000000006,7800.0,True,True
2022,1,WR,30.1,5500.0,True,True
2022,1,WR,31.9,7100.0,True,True
2022,1,TE,17.8,2500.0,True,False
2022,1,QB,37.9,7700.0,True,True
2022,1,RB,36.400000000000006,6100.0,True,True
2022,1,RB,29.5,6800.0,True,True
2022,2,WR,45.0,7100.0,True,True
2022,2,WR,43.1,6400.0,True,True
2022,2,TE,28.700000000000003,6400.0,True,True
2022,2,WR,33.0,4400.0,False,False
2022,2,RB,32.300000000000004,7100.0,True,True
2022,2,WR,42.400000000000006,6500.0,True,True
2022,2,RB,0.0,200.0,False,False
2022,2,QB,48.62,7400.0,True,True
2022,3,RB,25.3,5800.0,True,True
2022,3,TE,28.9,6900.0,True,True
2022,3,RB,33.900000000000006,5200.0,True,False
2022,3,WR,31.0,6000.0,True,True
2022,3,WR,32.96,3300.0,False,False
2022,3,WR,26.700000000000003,4500.0,False,False
2022,3,WR,33.900000000000006,5200.0,True,True
2022,3,QB,43.42,8000.0,True,True
2022,4,RB,37.5,5500.0,True,True
2022,4,WR,21.0,3000.0,False,False
2022,4,RB,32.6,6000.0,True,True
2022,4,RB,34.9,7700.0,True,True
2022,4,WR,22.0,7000.0,True,True
2022,4,WR,24.9,6800.0,True,True
2022,4,TE,42.900000000000006,4100.0,True,True
2022,4,QB,37.220000000000006,5900.0,True,True
2022,5,RB,35.900000000000006,6900.0,True,True
2022,5,WR,33.32,8900.0,True,True
2022,5,TE,14.8,3800.0,True,True
2022,5,RB,38.9,7800.0,True,True
2022,5,RB,30.700000000000003,5400.0,False,False
2022,5,WR,35.1,6400.0,True,False
2022,5,QB,37.08,4900.0,True,False
2022,5,WR,27.5,3000.0,False,False
2022,6,RB,22.7,4000.0,True,True
2022,6,WR,33.8,8400.0,True,True
2022,6,WR,35.2,7700.0,True,True
2022,6,RB,28.1,5200.0,False,False
2022,6,WR,29.4,6900.0,True,True
2022,6,TE,24.9,3100.0,True,True
2022,6,WR,28.3,5400.0,True,True
2022,6,QB,35.5,6700.0,True,True
2022,7,WR,32.5,5300.0,True,True
2022,7,RB,39.5,6500.0,True,True
2022,7,TE,21.8,5300.0,True,True
2022,7,WR,28.0,4300.0,True,True
2022,7,WR,22.7,3400.0,True,False
2022,7,RB,31.7,5800.0,False,False
2022,7,RB,36.7,8300.0,True,True
2022,7,QB,42.24,6900.0,True,True
2022,8,WR,36.9,7400.0,True,True
2022,8,RB,34.8,5300.0,True,False
2022,8,WR,30.5,5300.0,False,False
2022,8,RB,36.7,6100.0,False,False
2022,8,RB,42.8,7100.0,True,True
2022,8,TE,25.9,3200.0,True,True
2022,8,WR,42.6,7700.0,True,True
2022,8,QB,26.04,5200.0,True,False
2022,9,RB,58.099999999999994,6500.0,True,True
2022,9,WR,21.6,5100.0,False,False
2022,9,TE,17.8,3100.0,False,False
2022,9,WR,39.6,8100.0,True,True
2022,9,WR,30.3,8500.0,True,True
2022,9,QB,45.72,5300.0,True,True
2022,9,TE,22.0,3000.0,False,False
2022,9,RB,30.9,6200.0,True,True
2022,10,WR,41.0,7000.0,True,True
2022,10,WR,35.7,3700.0,False,False
2022,10,RB,26.6,7200.0,True,True
2022,10,WR,31.9,3500.0,True,False
2022,10,QB,43.38,6500.0,True,True
2022,10,TE,23.4,3400.0,True,True
2022,10,RB,27.300000000000004,7500.0,True,True
2022,10,WR,38.3,8800.0,True,True
2022,11,WR,24.8,4000.0,False,False
2022,11,RB,27.6,5500.0,True,True
2022,11,TE,15.9,4200.0,True,True
2022,11,RB,30.2,5100.0,False,False
2022,11,WR,34.3,6400.0,True,True
2022,11,RB,39.9,6500.0,True,True
2022,11,WR,36.1,8700.0,True,True
2022,11,QB,29.86,5400.0,False,False
2022,12,WR,30.5,4600.0,True,True
2022,12,TE,17.6,2500.0,False,False
2022,12,WR,26.4,4300.0,True,True
2022,12,WR,27.4,6900.0,True,True
2022,12,RB,25.0,6600.0,True,True
2022,12,RB,51.300000000000004,7700.0,True,True
2022,12,WR,32.0,6000.0,True,False
2022,12,QB,28.94,5500.0,True,True
2022,13,WR,37.6,7100.0,True,True
2022,13,RB,24.5,6000.0,True,True
2022,13,RB,0.0,200.0,True,True
2022,13,WR,40.7,8700.0,True,True
2022,13,WR,27.2,5300.0,True,True
2022,13,TE,14.2,3000.0,True,True
2022,13,WR,34.9,7800.0,True,True
2022,13,QB,37.400000000000006,8000.0,True,True
2022,14,WR,25.4,3400.0,False,False
2022,14,QB,36.42,5700.0,True,True
2022,14,TE,42.2,3300.0,True,True
2022,14,RB,35.4,4600.0,False,False
2022,14,WR,33.3,5400.0,True,True
2022,14,WR,36.3,9000.0,True,True
2022,14,RB,31.5,6200.0,True,True
2022,14,RB,32.3,8500.0,True,True
2022,15,TE,22.7,3400.0,True,True
2022,15,RB,25.599999999999998,4700.0,False,False
2022,15,WR,37.9,4900.0,True,True
2022,15,RB,34.2,5200.0,True,True
2022,15,QB,39.7,8200.0,True,True
2022,15,WR,30.1,8000.0,True,True
2022,15,RB,29.299999999999997,8000.0,True,True
2022,15,WR,25.9,3500.0,True,True
2022,16,TE,30.4,4100.0,True,True
2022,16,WR,20.700000000000003,5900.0,True,True
2022,16,QB,17.400000000000002,5300.0,False,False
2022,16,TE,13.9,3900.0,False,False
2022,16,RB,37.699999999999996,5200.0,False,False
2022,16,WR,28.3,7200.0,True,True
2022,16,RB,12.8,5900.0,True,True
2022,16,WR,17.3,9100.0,True,True
2022,17,TE,20.8,3300.0,False,False
2022,17,WR,51.7,6500.0,True,True
2022,17,RB,27.700000000000003,5300.0,True,True
2022,17,RB,25.7,5000.0,True,True
2022,17,WR,28.5,5800.0,True,True
2022,17,WR,37.3,8500.0,True,True
2022,17,WR,29.700000000000003,6300.0,True,True
2022,17,QB,40.68,6100.0,True,True
2022,18,RB,23.2,7500.0,True,True
2022,18,QB,24.520000000000003,5000.0,True,False
2022,18,TE,25.0,3000.0,True,True
2022,18,RB,24.099999999999998,5200.0,False,False
2022,18,WR,33.2,6900.0,True,True
2022,18,WR,27.3,6300.0,True,True
2022,18,WR,26.4,7900.0,True,True
2022,18,WR,25.9,3700.0,True,True
2023,1,WR,29.1,4800.0,True,True
2023,1,WR,47.5,8200.0,True,True
2023,1,WR,35.9,4900.0,True,True
2023,1,WR,24.9,3000.0,False,False
2023,1,QB,32.14,6700.0,True,True
2023,1,TE,16.6,3500.0,True,True
2023,1,RB,26.700000000000003,6300.0,True,True
2023,1,RB,29.400000000000002,8400.0,True,True
2023,2,WR,32.1,6200.0,True,True
2023,2,WR,30.6,4800.0,False,False
2023,2,WR,34.1,7100.0,True,True
2023,2,QB,34.74,6000.0,True,True
2023,2,RB,28.0,5000.0,False,False
2023,2,WR,33.1,4900.0,True,True
2023,2,RB,28.900000000000002,5200.0,True,True
2023,2,TE,15.5,6300.0,True,True
2023,3,TE,22.4,4000.0,False,False
2023,3,WR,34.5,3900.0,True,True
2023,3,RB,45.2,6000.0,True,True
2023,3,WR,33.7,9000.0,True,True
2023,3,RB,54.3,5000.0,False,False
2023,3,WR,28.5,3600.0,True,True
2023,3,WR,48.46,7600.0,True,True
2023,3,QB,32.3,7500.0,True,True
2023,4,WR,26.6,3500.0,False,False
2023,4,RB,51.7,9200.0,True,True
2023,4,WR,30.1,5600.0,True,True
2023,4,TE,27.6,4000.0,True,True
2023,4,RB,30.0,5700.0,True,True
2023,4,WR,38.8,5100.0,True,True
2023,4,WR,41.5,7700.0,True,True
2023,4,QB,23.400000000000002,5000.0,True,True
2023,5,WR,29.6,5200.0,True,True
2023,5,WR,30.700000000000003,5100.0,True,True
2023,5,WR,55.2,7900.0,True,True
2023,5,TE,19.5,3400.0,True,True
2023,5,WR,35.1,9000.0,True,True
2023,5,RB,31.4,5400.0,True,True
2023,5,RB,36.5,5800.0,True,True
2023,5,QB,29.16,4900.0,False,False
2023,6,RB,24.8,6500.0,True,True
2023,6,WR,31.5,5900.0,True,True
2023,6,RB,37.2,6400.0,True,True
2023,6,WR,33.4,7700.0,True,True
2023,6,RB,23.3,7100.0,True,True
2023,6,TE,16.1,3600.0,True,True
2023,6,WR,24.5,4800.0,True,True
2023,6,QB,22.080000000000002,5000.0,True,True
2023,7,QB,34.1,5200.0,True,True
2023,7,WR,26.5,4500.0,False,False
2023,7,RB,27.6,6300.0,False,False
2023,7,WR,21.3,4800.0,True,True
2023,7,TE,38.900000000000006,8000.0,True,True
2023,7,RB,33.0,4800.0,True,False
2023,7,WR,26.4,7600.0,True,True
2023,7,TE,22.8,5000.0,True,True
2023,8,WR,37.8,5500.0,True,True
2023,8,RB,29.4,5500.0,True,True
2023,8,TE,25.5,2800.0,True,True
2023,8,RB,29.799999999999997,9200.0,True,True
2023,8,WR,44.0,7600.0,True,True
2023,8,WR,27.3,3900.0,True,True
2023,8,WR,36.0,8000.0,True,True
2023,8,QB,34.980000000000004,5200.0,True,True
2023,9,WR,27.9,6100.0,True,True
2023,9,WR,32.1,8200.0,True,True
2023,9,RB,23.400000000000002,4000.0,False,False
2023,9,WR,32.6,5300.0,True,True
2023,9,WR,30.3,3100.0,True,True
2023,9,TE,31.0,4200.0,True,True
2023,9,RB,27.900000000000002,5600.0,True,True
2023,9,QB,44.8,6200.0,True,True
2023,10,WR,43.5,8800.0,True,True
2023,10,WR,27.2,3700.0,True,True
2023,10,RB,26.1,4700.0,True,True
2023,10,TE,33.4,5000.0,True,True
2023,10,WR,35.3,4200.0,True,True
2023,10,WR,42.5,8500.0,True,True
2023,10,QB,41.86,6700.0,True,True
2023,10,RB,30.700000000000003,5400.0,True,True
2023,11,WR,31.9,5900.0,True,True
2023,11,RB,30.0,7100.0,True,True
2023,11,WR,23.5,3200.0,False,False
2023,11,RB,26.5,5100.0,True,True
2023,11,WR,29.6,7200.0,True,True
2023,11,TE,22.9,6400.0,True,True
2023,11,WR,34.1,5400.0,True,True
2023,11,QB,32.18,6000.0,True,True
2023,12,WR,26.6,7100.0,True,True
2023,12,QB,43.660000000000004,8100.0,True,True
2023,12,WR,26.4,6400.0,True,True
2023,12,WR,27.700000000000003,5500.0,False,False
2023,12,TE,19.9,3500.0,True,True
2023,12,RB,27.3,6500.0,True,True
2023,12,TE,24.0,2900.0,False,False
2023,12,RB,41.400000000000006,6600.0,True,True
2023,13,RB,25.5,5800.0,True,True
2023,13,WR,32.2,7700.0,True,True
2023,13,RB,25.4,5300.0,True,True
2023,13,WR,37.1,6800.0,True,True
2023,13,TE,32.0,5600.0,True,True
2023,13,WR,22.0,3300.0,False,False
2023,13,WR,38.8,6200.0,True,True
2023,13,QB,32.46,6100.0,True,True
2023,14,RB,25.1,6000.0,True,True
2023,14,WR,26.8,6500.0,True,True
2023,14,RB,26.6,6200.0,True,True
2023,14,TE,27.1,4100.0,True,True
2023,14,TE,32.5,4800.0,True,True
2023,14,QB,35.64,7700.0,True,True
2023,14,WR,37.0,6800.0,True,True
2023,14,WR,32.2,4600.0,True,True
2023,15,TE,29.4,4700.0,True,True
2023,15,RB,39.1,6300.0,True,True
2023,15,WR,22.200000000000003,5000.0,True,True
2023,15,TE,19.6,3200.0,True,True
2023,15,RB,44.7,9300.0,True,True
2023,15,QB,33.04,5700.0,False,False
2023,15,WR,28.5,5900.0,True,True
2023,15,WR,29.1,5600.0,False,False
2023,16,WR,54.5,6400.0,True,True
2023,16,QB,29.82,5500.0,True,True
2023,16,WR,31.6,8200.0,True,True
2023,16,RB,25.0,7000.0,True,True
2023,16,WR,27.8,3100.0,False,False
2023,16,WR,27.6,7600.0,True,True
2023,16,TE,18.3,3100.0,False,False
2023,16,RB,43.1,6100.0,True,True
2023,17,RB,29.3,5900.0,True,True
2023,17,WR,33.9,6600.0,True,True
2023,17,RB,32.5,6800.0,True,True
2023,17,WR,23.6,3400.0,False,False
2023,17,WR,40.6,7400.0,True,True
2023,17,TE,23.0,3400.0,False,False
2023,17,RB,27.200000000000003,5000.0,True,True
2023,17,QB,39.34,7700.0,True,True
2023,18,WR,20.6,3000.0,False,False
2023,18,WR,35.5,9300.0,True,True
2023,18,TE,23.9,5400.0,True,True
2023,18,WR,39.0,8500.0,True,True
2023,18,RB,32.0,7200.0,True,True
2023,18,WR,23.3,3400.0,False,False
2023,18,RB,33.4,6100.0,True,True
2023,18,QB,27.12,4500.0,False,False
2024,1,WR,29.0,8700.0,True,True
2024,1,TE,14.3,2500.0,False,False
2024,1,QB,32.18,8000.0,True,True
2024,1,WR,24.5,4000.0,True,True
2024,1,WR,22.3,5800.0,True,True
2024,1,RB,29.799999999999997,6600.0,True,True
2024,1,RB,25.9,4900.0,False,False
2024,1,RB,24.6,5900.0,True,True
2024,2,RB,23.1,5400.0,True,True
2024,2,WR,32.0,6900.0,False,False
2024,2,RB,47.0,7000.0,True,True
2024,2,WR,31.9,5900.0,True,True
2024,2,TE,21.9,3800.0,True,True
2024,2,WR,27.700000000000003,6000.0,True,True
2024,2,QB,28.54,6600.0,False,False
2024,2,WR,31.700000000000003,5900.0,False,False
2024,3,QB,32.86,6600.0,True,True
2024,3,RB,33.4,6500.0,True,True
2024,3,WR,29.200000000000003,4900.0,True,True
2024,3,RB,30.9,5200.0,True,True
2024,3,WR,28.200000000000003,6400.0,True,True
2024,3,RB,36.6,7700.0,True,True
2024,3,TE,30.0,4600.0,True,True
2024,3,WR,49.5,4100.0,False,False
2024,4,RB,25.099999999999998,5700.0,True,True
2024,4,WR,36.1,7200.0,True,True
2024,4,RB,29.5,5500.0,False,False
2024,4,TE,18.3,3000.0,True,True
2024,4,WR,24.8,4500.0,True,True
2024,4,WR,30.1,6000.0,True,True
2024,4,RB,27.0,6700.0,True,True
2024,4,QB,35.980000000000004,5500.0,True,True
2024,5,WR,44.3,8000.0,True,True
2024,5,WR,29.3,6000.0,True,True
2024,5,RB,20.0,5700.0,True,True
2024,5,WR,30.5,6600.0,True,True
2024,5,TE,24.8,3500.0,True,True
2024,5,RB,28.900000000000002,5900.0,False,False
2024,5,WR,29.200000000000003,3900.0,True,True
2024,5,QB,37.78,6400.0,True,True
2024,6,WR,21.200000000000003,4400.0,False,False
2024,6,RB,30.200000000000003,6900.0,True,True
2024,6,WR,38.5,6900.0,True,True
2024,6,RB,37.2,4000.0,False,False
2024,6,WR,25.4,6500.0,True,True
2024,6,TE,15.600000000000001,3900.0,True,True
2024,6,RB,28.200000000000003,8000.0,True,True
2024,6,QB,31.9,6500.0,True,True
2024,7,QB,19.6,4400.0,False,False
2024,7,WR,18.1,3000.0,False,False
2024,7,WR,28.200000000000003,8300.0,True,True
2024,7,RB,35.0,6900.0,True,True
2024,7,RB,29.4,7200.0,True,True
2024,7,TE,22.6,3400.0,True,True
2024,7,RB,29.700000000000003,8200.0,True,True
2024,7,WR,19.5,5400.0,False,False
2024,8,RB,26.700000000000003,6200.0,True,True
2024,8,TE,29.1,3500.0,True,True
2024,8,WR,28.9,3300.0,False,False
2024,8,RB,31.3,7000.0,True,True
2024,8,RB,28.500000000000004,6600.0,True,True
2024,8,WR,32.1,5100.0,False,False
2024,8,QB,35.14,7500.0,True,True
2024,8,WR,26.6,5200.0,True,True
2024,9,WR,32.7,7000.0,True,True
2024,9,RB,36.9,8200.0,True,True
2024,9,WR,27.4,4800.0,True,True
2024,9,WR,40.0,6200.0,True,True
2024,9,RB,29.7,5900.0,True,True
2024,9,TE,30.0,3100.0,True,True
2024,9,RB,32.1,6700.0,True,True
2024,9,QB,25.36,5200.0,False,False
2024,10,RB,32.4,7700.0,True,True
2024,10,WR,28.9,3900.0,False,False
2024,10,TE,20.4,6000.0,True,True
2024,10,WR,19.0,5600.0,True,True
2024,10,QB,28.740000000000002,6300.0,True,True
2024,10,RB,22.3,6500.0,True,True
2024,10,WR,17.3,4400.0,False,False
2024,10,WR,25.4,5700.0,True,True
2024,11,WR,29.200000000000003,5400.0,False,False
2024,11,TE,46.52,4500.0,True,True
2024,11,RB,31.1,7500.0,True,True
2024,11,WR,41.7,8000.0,True,True
2024,11,QB,37.580000000000005,6300.0,True,True
2024,11,RB,24.5,6500.0,True,True
2024,11,TE,31.1,3800.0,True,True
2024,11,WR,22.700000000000003,3600.0,False,False
2024,12,TE,28.3,5600.0,True,True
2024,12,WR,29.700000000000003,5800.0,True,True
2024,12,WR,29.900000000000002,5500.0,True,True
2024,12,WR,33.2,5100.0,True,True
2024,12,WR,31.4,5300.0,True,True
2024,12,RB,31.6,6800.0,True,True
2024,12,RB,27.200000000000003,5300.0,False,False
2024,12,QB,32.4,7000.0,True,True
2024,13,WR,27.3,3900.0,False,False
2024,13,RB,28.500000000000004,7300.0,True,True
2024,13,TE,18.9,3900.0,True,True
2024,13,QB,30.86,5700.0,False,False
2024,13,RB,24.9,6000.0,True,True
2024,13,RB,30.500000000000004,5800.0,True,True
2024,13,WR,28.8,6700.0,True,True
2024,13,WR,27.3,7100.0,True,True
2024,14,WR,35.2,7800.0,True,True
2024,14,WR,42.3,5300.0,True,True
2024,14,QB,54.88,8000.0,True,True
2024,14,WR,44.8,7700.0,True,True
2024,14,WR,28.0,5200.0,True,True
2024,14,RB,26.8,5400.0,False,False
2024,14,TE,13.8,2700.0,False,False
2024,14,RB,41.3,4800.0,True,True
2024,15,QB,44.06,6500.0,True,True
2024,15,WR,41.3,7600.0,True,True
2024,15,RB,27.200000000000003,4300.0,True,True
2024,15,RB,33.8,6600.0,True,True
2024,15,WR,45.8,6900.0,True,True
2024,15,WR,35.5,5800.0,True,True
2024,15,TE,18.3,2500.0,False,False
2024,15,WR,31.0,5500.0,True,True
2024,16,RB,35.5,6800.0,True,True
2024,16,WR,32.1,5300.0,True,True
2024,16,WR,29.0,5500.0,True,True
2024,16,WR,24.0,3500.0,False,False
2024,16,RB,34.0,7400.0,True,True
2024,16,RB,42.8,6900.0,True,True
2024,16,TE,19.1,3400.0,True,True
2024,16,QB,36.42,7300.0,True,True
2024,17,RB,26.0,6700.0,True,True
2024,17,WR,31.0,5700.0,True,True
2024,17,WR,33.0,5800.0,True,True
2024,17,RB,30.6,7900.0,True,True
2024,17,QB,37.36,4900.0,False,False
2024,17,WR,28.9,4700.0,True,True
2024,17,WR,39.1,6600.0,True,True
2024,17,TE,21.7,2900.0,False,False
2024,18,WR,27.700000000000003,4200.0,True,True
2024,18,WR,43.7,6500.0,True,True
2024,18,RB,34.3,8500.0,True,True
2024,18,WR,30.3,5700.0,True,True
2024,18,WR,34.6,4800.0,True,True
2024,18,TE,19.6,5800.0,True,True
2024,18,RB,26.6,4000.0,False,False
2024,18,QB,36.54,6400.0,True,True
